semantic_cluster_id,representative_capability_id,capability_name,capability_kind,source_or_algorithm,source_exists_on_main,source_exists_locally,origin_classification,runtime_service,endpoint_or_contract,data_source,data_state,calculation_mode,recommended_feature,recommended_screen,recommended_components,recommended_roles,verification_status,verification_blockers,duplicate_candidate_count,duplicate_capability_ids,human_confirmation_required,full_power_preservation,verified_at
CLUSTER-00830B85A41852B9,CAP-D054F1321201,Ndsp User Login Gateway,API_ENDPOINT,backend/ndsp_user_login_gateway.cjs,true,true,ON_MAIN,ndsp-user-login.service,POST /API/AUTH/2FA/SETUP/CONFIRM-FINAL,JSON,REAL_SNAPSHOT,CALCULATED_REAL,Authentication and account access,AUTHENTICATION,AuthForm|TwoFactorStep|SessionStatus|RecoveryFlow,PUBLIC|AUTHENTICATED_USER,PARTIALLY_VERIFIED,OWNER_UNASSIGNED,1,CAP-A294A80A744D,true,REQUIRED,2026-07-31T20:18:20Z
CLUSTER-0328C106FF332C89,CAP-4B8CAC6792AE,Ndsp User Portal Final Experience V1 One Script,API_ENDPOINT,NDSP_USER_PORTAL_FINAL_EXPERIENCE_V1_ONE_SCRIPT.sh,false,true,UNTRACKED,DISCOVERY_REQUIRED,GET /API/USER/EXPERIENCE,HTTP_API|JSON|POSTGRES,REAL_LIVE,CALCULATED_REAL,Admin user management,ADMIN_USERS,UsersTable|UserDetailDrawer|RoleBadge|EntitlementPanel,ADMIN,PARTIALLY_VERIFIED,RUNTIME_SERVICE_UNVERIFIED|OWNER_UNASSIGNED,0,,true,REQUIRED,2026-07-31T20:18:20Z
CLUSTER-0412272E609423D6,CAP-B89CF4208B10,Grade From Score,ALGORITHM_OR_BUSINESS_LOGIC,backend/app/support_layers/quality/decision_quality_stack.py::_grade_from_score,false,true,LOCAL_ONLY,DISCOVERY_REQUIRED,DISCOVERY_REQUIRED,UNKNOWN,UNKNOWN,DISCOVERY_REQUIRED,Decision quality and risk controls,QUALITY_AND_RISK,QualityScore|RiskPanel|ConfidenceGauge|GovernanceStatus,USER|ADMIN,PARTIALLY_VERIFIED,RUNTIME_SERVICE_UNVERIFIED|API_CONTRACT_UNVERIFIED|DATA_STATE_UNVERIFIED|OWNER_UNASSIGNED,0,,true,REQUIRED,2026-07-31T20:18:20Z
CLUSTER-04AE942A6CCB8C5A,CAP-329C5FE62399,Nowpayments Create Alias,API_ENDPOINT,backend/app/api/compat/nowpayments_create_alias.py,false,true,LOCAL_ONLY,DISCOVERY_REQUIRED,POST /API/V6/PAYMENTS/NOWPAYMENTS/SUBSCRIPTION/CREATE,JSON|POSTGRES,REAL_SNAPSHOT,CALCULATED_REAL,"Trial, plans, and billing",TRIAL_AND_BILLING,TrialCountdown|PlanComparison|UsageMeter|BillingStatus,USER|ADMIN,PARTIALLY_VERIFIED,RUNTIME_SERVICE_UNVERIFIED|OWNER_UNASSIGNED,1,CAP-5649C9641068,true,REQUIRED,2026-07-31T20:18:20Z
CLUSTER-0510FC78E483B3D6,CAP-353E6D9C0A43,Ndsp User Login Gateway,API_ENDPOINT,backend/auth_api/ndsp_user_login_gateway.cjs,false,true,LOCAL_ONLY,ndsp-user-login.service,PUT /API/AUTH/PROFILE,JSON,REAL_SNAPSHOT,CALCULATED_REAL,Platform operations and service health,PLATFORM_OPERATIONS,ServiceHealthGrid|RuntimeStatus|GatewayMonitor|BackupPanel,ADMIN,PARTIALLY_VERIFIED,OWNER_UNASSIGNED,0,,true,REQUIRED,2026-07-31T20:18:20Z
CLUSTER-058EA84FFB96BD5C,CAP-B26FA1996A34,Ndsp User Login Gateway,API_ENDPOINT,backend/auth_api/ndsp_user_login_gateway.cjs,false,true,LOCAL_ONLY,ndsp-user-login.service,GET /API/AUTH/PROFILE,JSON,REAL_SNAPSHOT,CALCULATED_REAL,Platform operations and service health,PLATFORM_OPERATIONS,ServiceHealthGrid|RuntimeStatus|GatewayMonitor|BackupPanel,ADMIN,PARTIALLY_VERIFIED,OWNER_UNASSIGNED,0,,true,REQUIRED,2026-07-31T20:18:20Z
CLUSTER-065FF7E991FE7A36,CAP-F4D88C2A7931,Ndsp Admin Ui Proxy,API_ENDPOINT,backend/ndsp_admin_ui_proxy.cjs,true,true,ON_MAIN,ndsp-admin-ui-proxy.service,GET /API/ADMIN-UI/HEALTH,JSON,REAL_SNAPSHOT,CALCULATED_REAL,Platform operations and service health,PLATFORM_OPERATIONS,ServiceHealthGrid|RuntimeStatus|GatewayMonitor|BackupPanel,ADMIN,PARTIALLY_VERIFIED,OWNER_UNASSIGNED,1,CAP-09B689D81772,true,REQUIRED,2026-07-31T20:18:20Z
CLUSTER-0746027563B4F7CB,CAP-636B50FAED04,Frontend Contract,API_ENDPOINT,backend/app/api/v1/frontend_contract.py,false,true,LOCAL_ONLY,DISCOVERY_REQUIRED,GET /ME/DASHBOARD,UNKNOWN,UNKNOWN,CALCULATED_REAL,Unclassified platform capability,CAPABILITY_REVIEW,CapabilityInspector|EvidencePanel,ADMIN,PARTIALLY_VERIFIED,RUNTIME_SERVICE_UNVERIFIED|DATA_STATE_UNVERIFIED|OWNER_UNASSIGNED,0,,true,REQUIRED,2026-07-31T20:18:20Z
CLUSTER-075A9C033639FAC0,CAP-935E1E26D22F,Dqsrisk State,ALGORITHM_OR_BUSINESS_LOGIC,backend/app/support_layers/quality/decision_quality_stack.py::DQSRiskState,false,true,LOCAL_ONLY,DISCOVERY_REQUIRED,DISCOVERY_REQUIRED,UNKNOWN,UNKNOWN,DISCOVERY_REQUIRED,Decision quality and risk controls,QUALITY_AND_RISK,QualityScore|RiskPanel|ConfidenceGauge|GovernanceStatus,USER|ADMIN,PARTIALLY_VERIFIED,RUNTIME_SERVICE_UNVERIFIED|API_CONTRACT_UNVERIFIED|DATA_STATE_UNVERIFIED|OWNER_UNASSIGNED,0,,true,REQUIRED,2026-07-31T20:18:20Z
CLUSTER-0AB1FDCBBD5FA5E8,CAP-C250957D114F,Frontend Contract,API_ENDPOINT,backend/app/api/v1/frontend_contract.py,false,true,LOCAL_ONLY,DISCOVERY_REQUIRED,GET /ACCOUNT/TRIAL,UNKNOWN,UNKNOWN,CALCULATED_REAL,"Trial, plans, and billing",TRIAL_AND_BILLING,TrialCountdown|PlanComparison|UsageMeter|BillingStatus,USER|ADMIN,PARTIALLY_VERIFIED,RUNTIME_SERVICE_UNVERIFIED|DATA_STATE_UNVERIFIED|OWNER_UNASSIGNED,0,,true,REQUIRED,2026-07-31T20:18:20Z
CLUSTER-0AFD7CA382703AB5,CAP-A5C181808EF6,Frontend Contract,API_ENDPOINT,backend/app/api/v1/frontend_contract.py,false,true,LOCAL_ONLY,DISCOVERY_REQUIRED,POST /AUTH/2FA/VERIFY,UNKNOWN,UNKNOWN,CALCULATED_REAL,Authentication and account access,AUTHENTICATION,AuthForm|TwoFactorStep|SessionStatus|RecoveryFlow,PUBLIC|AUTHENTICATED_USER,PARTIALLY_VERIFIED,RUNTIME_SERVICE_UNVERIFIED|DATA_STATE_UNVERIFIED|OWNER_UNASSIGNED,0,,true,REQUIRED,2026-07-31T20:18:20Z
CLUSTER-0EDDB74E15FCFD6A,CAP-89287AB7B399,Ndsp Admin Actions Bypass Old Middleware,API_ENDPOINT,backend/ndsp_admin_actions_bypass_old_middleware.cjs,true,true,ON_MAIN,ndsp-admin-actions.service,GET /API/ADMIN-ACTIONS/USERS/ACTION/HEALTH,JSON,REAL_SNAPSHOT,CALCULATED_REAL,Platform operations and service health,PLATFORM_OPERATIONS,ServiceHealthGrid|RuntimeStatus|GatewayMonitor|BackupPanel,ADMIN,PARTIALLY_VERIFIED,OWNER_UNASSIGNED,1,CAP-C216A7C8548C,true,REQUIRED,2026-07-31T20:18:20Z
CLUSTER-0EE83BCF1B387E47,CAP-E07F7BC7E52F,Ndsp User Login Gateway,API_ENDPOINT,backend/auth_api/ndsp_user_login_gateway.cjs,false,true,LOCAL_ONLY,ndsp-user-login.service,POST /API/AUTH/INTERNAL/EVIDENCE,JSON,REAL_SNAPSHOT,CALCULATED_REAL,Platform operations and service health,PLATFORM_OPERATIONS,ServiceHealthGrid|RuntimeStatus|GatewayMonitor|BackupPanel,ADMIN,PARTIALLY_VERIFIED,OWNER_UNASSIGNED,0,,true,REQUIRED,2026-07-31T20:18:20Z
CLUSTER-1143EF6BAB8687CD,CAP-D6102C7DC3C1,Frontend Contract,API_ENDPOINT,backend/app/api/v1/frontend_contract.py,false,true,LOCAL_ONLY,DISCOVERY_REQUIRED,GET /PACKAGES,UNKNOWN,UNKNOWN,CALCULATED_REAL,Unclassified platform capability,CAPABILITY_REVIEW,CapabilityInspector|EvidencePanel,ADMIN,PARTIALLY_VERIFIED,RUNTIME_SERVICE_UNVERIFIED|DATA_STATE_UNVERIFIED|OWNER_UNASSIGNED,0,,true,REQUIRED,2026-07-31T20:18:20Z
CLUSTER-12CE9BAE31EA4CB2,CAP-EDF3F96EC14B,User Operational Compat,API_ENDPOINT,backend/app/api/compat/user_operational_compat.py,false,true,LOCAL_ONLY,DISCOVERY_REQUIRED,POST /API/TRIAL/REGISTER,JSON|POSTGRES,REAL_SNAPSHOT,CALCULATED_REAL,"Trial, plans, and billing",TRIAL_AND_BILLING,TrialCountdown|PlanComparison|UsageMeter|BillingStatus,USER|ADMIN,PARTIALLY_VERIFIED,RUNTIME_SERVICE_UNVERIFIED|OWNER_UNASSIGNED,0,,true,REQUIRED,2026-07-31T20:18:20Z
CLUSTER-1331DA2B82D10D74,CAP-1FBA01D3C252,Framework Adapter,API_ENDPOINT,backend/services/bot_execution/framework-adapter.cjs,false,true,LOCAL_ONLY,DISCOVERY_REQUIRED,GET /ABOUT,JSON,REAL_SNAPSHOT,CALCULATED_REAL,Public platform presentation,LANDING,CapabilityProof|LiveMetric|PlatformTimeline,PUBLIC,PARTIALLY_VERIFIED,RUNTIME_SERVICE_UNVERIFIED|OWNER_UNASSIGNED,3,CAP-4515D5FBBBF3|CAP-D64F1CFB3F24|CAP-F5C8984FC6A0,true,REQUIRED,2026-07-31T20:18:20Z
CLUSTER-13E1BE84357A8BF3,CAP-81C879AE2209,Ndsp Api Compat Gateway,API_ENDPOINT,backend/ndsp_api_compat_gateway.cjs,true,true,ON_MAIN,ndsp-api-compat.service,GET /API/PACKAGES,JSON,REAL_SNAPSHOT,CALCULATED_REAL,Platform operations and service health,PLATFORM_OPERATIONS,ServiceHealthGrid|RuntimeStatus|GatewayMonitor|BackupPanel,ADMIN,PARTIALLY_VERIFIED,OWNER_UNASSIGNED,1,CAP-B2C76796BD6C,true,REQUIRED,2026-07-31T20:18:20Z
CLUSTER-146A953A5A090F47,CAP-D18B4EC4F34A,Ndsp Admin Ui Proxy,API_ENDPOINT,backend/ndsp_admin_ui_proxy.cjs,true,true,ON_MAIN,ndsp-admin-ui-proxy.service,GET /API/ADMIN-UI/PACKAGES,JSON,REAL_SNAPSHOT,CALCULATED_REAL,Platform operations and service health,PLATFORM_OPERATIONS,ServiceHealthGrid|RuntimeStatus|GatewayMonitor|BackupPanel,ADMIN,PARTIALLY_VERIFIED,OWNER_UNASSIGNED,1,CAP-77CF58DFBBF6,true,REQUIRED,2026-07-31T20:18:20Z
CLUSTER-14E241D47ACC5CBA,CAP-B2ADCE8E14C1,Ndsp User Portal Final Experience V1 One Script,API_ENDPOINT,NDSP_USER_PORTAL_FINAL_EXPERIENCE_V1_ONE_SCRIPT.sh,false,true,UNTRACKED,DISCOVERY_REQUIRED,POST /API/USER/LEGAL-ACCEPTANCE,HTTP_API|JSON|POSTGRES,REAL_LIVE,CALCULATED_REAL,Admin user management,ADMIN_USERS,UsersTable|UserDetailDrawer|RoleBadge|EntitlementPanel,ADMIN,PARTIALLY_VERIFIED,RUNTIME_SERVICE_UNVERIFIED|OWNER_UNASSIGNED,0,,true,REQUIRED,2026-07-31T20:18:20Z
CLUSTER-192665335C34E13D,CAP-BC09A0EB4549,User Operational Compat,API_ENDPOINT,backend/app/api/compat/user_operational_compat.py,false,true,LOCAL_ONLY,DISCOVERY_REQUIRED,POST /API/ALERTS/EMAIL/TEST,JSON|POSTGRES,REAL_SNAPSHOT,CALCULATED_REAL,Alerts and delivery channels,ALERTS_AND_CHANNELS,AlertCenter|ChannelSettings|RoutingStatus|TestDelivery,USER|ADMIN,PARTIALLY_VERIFIED,RUNTIME_SERVICE_UNVERIFIED|OWNER_UNASSIGNED,0,,true,REQUIRED,2026-07-31T20:18:20Z
CLUSTER-1A1DF77772C7862E,CAP-805630C7C819,Attach Report,ALGORITHM_OR_BUSINESS_LOGIC,backend/app/support_layers/scenario/scenario_engine.py::attach_report,false,true,LOCAL_ONLY,DISCOVERY_REQUIRED,DISCOVERY_REQUIRED,UNKNOWN,UNKNOWN,DISCOVERY_REQUIRED,"Reports, analytics, and evidence",REPORTS_AND_ANALYTICS,ReportLibrary|AnalyticsChart|HistoryTable|EvidenceDrawer,USER|ADMIN,PARTIALLY_VERIFIED,RUNTIME_SERVICE_UNVERIFIED|API_CONTRACT_UNVERIFIED|DATA_STATE_UNVERIFIED|OWNER_UNASSIGNED,0,,true,REQUIRED,2026-07-31T20:18:20Z
CLUSTER-1B355FCD82516B99,CAP-4804EA150D2F,Frontend Contract,API_ENDPOINT,backend/app/api/v1/frontend_contract.py,false,true,LOCAL_ONLY,DISCOVERY_REQUIRED,GET /BRIEF/TODAY,UNKNOWN,UNKNOWN,CALCULATED_REAL,Unclassified platform capability,CAPABILITY_REVIEW,CapabilityInspector|EvidencePanel,ADMIN,PARTIALLY_VERIFIED,RUNTIME_SERVICE_UNVERIFIED|DATA_STATE_UNVERIFIED|OWNER_UNASSIGNED,0,,true,REQUIRED,2026-07-31T20:18:20Z
CLUSTER-1BD5A59391679254,CAP-552A04A27A0F,Scenario Report,ALGORITHM_OR_BUSINESS_LOGIC,backend/app/support_layers/scenario/scenario_engine.py::ScenarioReport,false,true,LOCAL_ONLY,DISCOVERY_REQUIRED,DISCOVERY_REQUIRED,UNKNOWN,UNKNOWN,DISCOVERY_REQUIRED,"Reports, analytics, and evidence",REPORTS_AND_ANALYTICS,ReportLibrary|AnalyticsChart|HistoryTable|EvidenceDrawer,USER|ADMIN,PARTIALLY_VERIFIED,RUNTIME_SERVICE_UNVERIFIED|API_CONTRACT_UNVERIFIED|DATA_STATE_UNVERIFIED|OWNER_UNASSIGNED,0,,true,REQUIRED,2026-07-31T20:18:20Z
CLUSTER-1C0006D0FCDB7718,CAP-C95B03AE5FFB,Frontend Contract,API_ENDPOINT,backend/app/api/v1/frontend_contract.py,false,true,LOCAL_ONLY,DISCOVERY_REQUIRED,POST /ACCOUNT/ACTIVATE,UNKNOWN,UNKNOWN,CALCULATED_REAL,Unclassified platform capability,CAPABILITY_REVIEW,CapabilityInspector|EvidencePanel,ADMIN,PARTIALLY_VERIFIED,RUNTIME_SERVICE_UNVERIFIED|DATA_STATE_UNVERIFIED|OWNER_UNASSIGNED,0,,true,REQUIRED,2026-07-31T20:18:20Z
CLUSTER-20B55F2AD6D04BE8,CAP-45BEE5E5B9D6,Telegram Routing V2,API_ENDPOINT,backend/app/api/admin/telegram_routing_v2.py,false,true,LOCAL_ONLY,DISCOVERY_REQUIRED,GET /STATUS,JSON|POSTGRES,REAL_SNAPSHOT,CALCULATED_REAL,Alerts and delivery channels,ALERTS_AND_CHANNELS,AlertCenter|ChannelSettings|RoutingStatus|TestDelivery,USER|ADMIN,PARTIALLY_VERIFIED,RUNTIME_SERVICE_UNVERIFIED|OWNER_UNASSIGNED,2,CAP-6FE68AAF4F33|CAP-C3C9F07E6EC7,true,REQUIRED,2026-07-31T20:18:20Z
CLUSTER-21D862A38B8E3867,CAP-3B89863B2015,Ndsp User Login Gateway,API_ENDPOINT,backend/ndsp_user_login_gateway.cjs,true,true,ON_MAIN,ndsp-user-login.service,POST /API/AUTH/2FA/SETUP/START,JSON,REAL_SNAPSHOT,CALCULATED_REAL,Authentication and account access,AUTHENTICATION,AuthForm|TwoFactorStep|SessionStatus|RecoveryFlow,PUBLIC|AUTHENTICATED_USER,PARTIALLY_VERIFIED,OWNER_UNASSIGNED,1,CAP-7EEC4AB2500E,true,REQUIRED,2026-07-31T20:18:20Z
CLUSTER-2305B098920942A5,CAP-20B6E1FEA3A2,Ndsp Api Compat Gateway,API_ENDPOINT,backend/ndsp_api_compat_gateway.cjs,true,true,ON_MAIN,ndsp-api-compat.service,GET /API/MARKETS,JSON,REAL_SNAPSHOT,CALCULATED_REAL,Platform operations and service health,PLATFORM_OPERATIONS,ServiceHealthGrid|RuntimeStatus|GatewayMonitor|BackupPanel,ADMIN,PARTIALLY_VERIFIED,OWNER_UNASSIGNED,1,CAP-A323993993E5,true,REQUIRED,2026-07-31T20:18:20Z
CLUSTER-23D620B64D4FFE61,CAP-3A5ED3DB0C0D,Risk Label,ALGORITHM_OR_BUSINESS_LOGIC,backend/app/support_layers/scenario/scenario_engine.py::_risk_label,false,true,LOCAL_ONLY,DISCOVERY_REQUIRED,DISCOVERY_REQUIRED,UNKNOWN,UNKNOWN,DISCOVERY_REQUIRED,Decision quality and risk controls,QUALITY_AND_RISK,QualityScore|RiskPanel|ConfidenceGauge|GovernanceStatus,USER|ADMIN,PARTIALLY_VERIFIED,RUNTIME_SERVICE_UNVERIFIED|API_CONTRACT_UNVERIFIED|DATA_STATE_UNVERIFIED|OWNER_UNASSIGNED,0,,true,REQUIRED,2026-07-31T20:18:20Z
CLUSTER-25099A6E3D05D0C3,CAP-C55DEBBD7CB7,Ndsp User Login Gateway,API_ENDPOINT,backend/ndsp_user_login_gateway.cjs,true,true,ON_MAIN,ndsp-user-login.service,POST /API/AUTH/2FA/DISABLE,JSON,REAL_SNAPSHOT,CALCULATED_REAL,Authentication and account access,AUTHENTICATION,AuthForm|TwoFactorStep|SessionStatus|RecoveryFlow,PUBLIC|AUTHENTICATED_USER,PARTIALLY_VERIFIED,OWNER_UNASSIGNED,1,CAP-7B056D6FB736,true,REQUIRED,2026-07-31T20:18:20Z
CLUSTER-2B8E8720210CF8DD,CAP-F139426B5341,Ndsp User Login Gateway,API_ENDPOINT,backend/ndsp_user_login_gateway.cjs,true,true,ON_MAIN,ndsp-user-login.service,POST /API/AUTH/2FA/SETUP,JSON,REAL_SNAPSHOT,CALCULATED_REAL,Authentication and account access,AUTHENTICATION,AuthForm|TwoFactorStep|SessionStatus|RecoveryFlow,PUBLIC|AUTHENTICATED_USER,PARTIALLY_VERIFIED,OWNER_UNASSIGNED,1,CAP-846435C78CD1,true,REQUIRED,2026-07-31T20:18:20Z
CLUSTER-2BF08E118E2502DD,CAP-F150D0BAA604,Frontend Contract,API_ENDPOINT,backend/app/api/v1/frontend_contract.py,false,true,LOCAL_ONLY,DISCOVERY_REQUIRED,GET /ADMIN/LAYERS,UNKNOWN,UNKNOWN,CALCULATED_REAL,Admin user management,ADMIN_USERS,UsersTable|UserDetailDrawer|RoleBadge|EntitlementPanel,ADMIN,PARTIALLY_VERIFIED,RUNTIME_SERVICE_UNVERIFIED|DATA_STATE_UNVERIFIED|OWNER_UNASSIGNED,0,,true,REQUIRED,2026-07-31T20:18:20Z
CLUSTER-2C421ED62D7F895B,CAP-1A9F62165A6D,Ndsp User Login Gateway,API_ENDPOINT,backend/auth_api/ndsp_user_login_gateway.cjs,false,true,LOCAL_ONLY,ndsp-user-login.service,POST /API/AUTH/INTERNAL/LEGAL-ACCEPTANCE,JSON,REAL_SNAPSHOT,CALCULATED_REAL,Platform operations and service health,PLATFORM_OPERATIONS,ServiceHealthGrid|RuntimeStatus|GatewayMonitor|BackupPanel,ADMIN,PARTIALLY_VERIFIED,OWNER_UNASSIGNED,0,,true,REQUIRED,2026-07-31T20:18:20Z
CLUSTER-2E7C1911FA0C6C3D,CAP-7E97D2614E6D,Ndsp Admin Ui Proxy,API_ENDPOINT,backend/ndsp_admin_ui_proxy.cjs,true,true,ON_MAIN,ndsp-admin-ui-proxy.service,GET /API/ADMIN-UI/MARKETS,JSON,REAL_SNAPSHOT,CALCULATED_REAL,Platform operations and service health,PLATFORM_OPERATIONS,ServiceHealthGrid|RuntimeStatus|GatewayMonitor|BackupPanel,ADMIN,PARTIALLY_VERIFIED,OWNER_UNASSIGNED,1,CAP-3E2090989150,true,REQUIRED,2026-07-31T20:18:20Z
CLUSTER-322DC710CFDB962B,CAP-E4980A40032A,Ndsp User Portal Final Experience V1 One Script,API_ENDPOINT,NDSP_USER_PORTAL_FINAL_EXPERIENCE_V1_ONE_SCRIPT.sh,false,true,UNTRACKED,DISCOVERY_REQUIRED,GET /API/USER/NOTIFICATIONS,HTTP_API|JSON|POSTGRES,REAL_LIVE,CALCULATED_REAL,Alerts and delivery channels,ALERTS_AND_CHANNELS,AlertCenter|ChannelSettings|RoutingStatus|TestDelivery,USER|ADMIN,PARTIALLY_VERIFIED,RUNTIME_SERVICE_UNVERIFIED|OWNER_UNASSIGNED,0,,true,REQUIRED,2026-07-31T20:18:20Z
CLUSTER-325036ACDFEA1ED3,CAP-56C562461855,Framework Adapter,API_ENDPOINT,backend/services/bot_execution/framework-adapter.cjs,false,true,LOCAL_ONLY,DISCOVERY_REQUIRED,GET /VERSION,JSON,REAL_SNAPSHOT,CALCULATED_REAL,Platform operations and service health,PLATFORM_OPERATIONS,ServiceHealthGrid|RuntimeStatus|GatewayMonitor|BackupPanel,ADMIN,PARTIALLY_VERIFIED,RUNTIME_SERVICE_UNVERIFIED|OWNER_UNASSIGNED,3,CAP-A34761515678|CAP-D93913F10664|CAP-F4B0061B6EC3,true,REQUIRED,2026-07-31T20:18:20Z
CLUSTER-328257E93FCC054C,CAP-0CE111E47411,Frontend Contract,API_ENDPOINT,backend/app/api/v1/frontend_contract.py,false,true,LOCAL_ONLY,DISCOVERY_REQUIRED,POST /ME/CHANNELS/TELEGRAM/LINK,UNKNOWN,UNKNOWN,CALCULATED_REAL,Alerts and delivery channels,ALERTS_AND_CHANNELS,AlertCenter|ChannelSettings|RoutingStatus|TestDelivery,USER|ADMIN,PARTIALLY_VERIFIED,RUNTIME_SERVICE_UNVERIFIED|DATA_STATE_UNVERIFIED|OWNER_UNASSIGNED,0,,true,REQUIRED,2026-07-31T20:18:20Z
CLUSTER-32A1E3F9E77CD9AB,CAP-425426D4A96B,User Operational Compat,API_ENDPOINT,backend/app/api/compat/user_operational_compat.py,false,true,LOCAL_ONLY,DISCOVERY_REQUIRED,GET /API/AUTH/ACTIVATE,JSON|POSTGRES,REAL_SNAPSHOT,CALCULATED_REAL,Authentication and account access,AUTHENTICATION,AuthForm|TwoFactorStep|SessionStatus|RecoveryFlow,PUBLIC|AUTHENTICATED_USER,PARTIALLY_VERIFIED,RUNTIME_SERVICE_UNVERIFIED|OWNER_UNASSIGNED,0,,true,REQUIRED,2026-07-31T20:18:20Z
CLUSTER-3373CEFA77A50B27,CAP-70C19D24087E,Ndsp Nowpayments,API_ENDPOINT,backend/ndsp_nowpayments.cjs,true,true,ON_MAIN,DISCOVERY_REQUIRED,GET /WEBHOOKS/NOWPAYMENTS,HTTP_API|JSON|POSTGRES,REAL_LIVE,CALCULATED_REAL,"Trial, plans, and billing",TRIAL_AND_BILLING,TrialCountdown|PlanComparison|UsageMeter|BillingStatus,USER|ADMIN,PARTIALLY_VERIFIED,RUNTIME_SERVICE_UNVERIFIED|OWNER_UNASSIGNED,0,,true,REQUIRED,2026-07-31T20:18:20Z
CLUSTER-33A3608EC2C6ABB6,CAP-242D8324FAD9,Ndsp User Login Gateway,API_ENDPOINT,backend/ndsp_user_login_gateway.cjs,true,true,ON_MAIN,ndsp-user-login.service,POST /API/AUTH/2FA/SETUP/SKIP,JSON,REAL_SNAPSHOT,CALCULATED_REAL,Authentication and account access,AUTHENTICATION,AuthForm|TwoFactorStep|SessionStatus|RecoveryFlow,PUBLIC|AUTHENTICATED_USER,PARTIALLY_VERIFIED,OWNER_UNASSIGNED,1,CAP-8D64F6304F2E,true,REQUIRED,2026-07-31T20:18:20Z
CLUSTER-37970355FCCFFAB3,CAP-11BF5E282765,Frontend Contract,API_ENDPOINT,backend/app/api/v1/frontend_contract.py,false,true,LOCAL_ONLY,DISCOVERY_REQUIRED,GET /ME/WATCHLIST,UNKNOWN,UNKNOWN,CALCULATED_REAL,Unclassified platform capability,CAPABILITY_REVIEW,CapabilityInspector|EvidencePanel,ADMIN,PARTIALLY_VERIFIED,RUNTIME_SERVICE_UNVERIFIED|DATA_STATE_UNVERIFIED|OWNER_UNASSIGNED,0,,true,REQUIRED,2026-07-31T20:18:20Z
CLUSTER-3936838EFF8BCAF5,CAP-1D926198372A,Ndsp User Login Gateway,API_ENDPOINT,backend/auth_api/ndsp_user_login_gateway.cjs,false,true,LOCAL_ONLY,ndsp-user-login.service,POST /API/AUTH/RUNTIME/USAGE/CONSUME,JSON,REAL_SNAPSHOT,CALCULATED_REAL,Platform operations and service health,PLATFORM_OPERATIONS,ServiceHealthGrid|RuntimeStatus|GatewayMonitor|BackupPanel,ADMIN,PARTIALLY_VERIFIED,OWNER_UNASSIGNED,0,,true,REQUIRED,2026-07-31T20:18:20Z
CLUSTER-39C99CAF91B276BA,CAP-170A28FFB0E7,Auth,ALGORITHM_OR_BUSINESS_LOGIC,backend/ndsp_admin_ui_proxy.cjs::auth,true,true,ON_MAIN,ndsp-admin-ui-proxy.service,GET /API/ADMIN-UI/ALERTS|GET /API/ADMIN-UI/BACKUPS|GET /API/ADMIN-UI/GOVERNANCE|GET /API/ADMIN-UI/HEALTH|GET /API/ADMIN-UI/MARKETS|GET /API/ADMIN-UI/PACKAGES|GET /API/ADMIN-UI/PAYMENTS|GET /API/ADMIN-UI/SUMMARY|GET /API/ADMIN-UI/TRIALS|GET /API/ADMIN-UI/USERS|POST /API/ADMIN-UI/ACTION|POST /API/ADMIN-UI/ALERTS/CHANNEL|POST /API/ADMIN-UI/ALERTS/TEST,JSON,REAL_SNAPSHOT,CALCULATED_REAL,Platform operations and service health,PLATFORM_OPERATIONS,ServiceHealthGrid|RuntimeStatus|GatewayMonitor|BackupPanel,ADMIN,PARTIALLY_VERIFIED,OWNER_UNASSIGNED,9,CAP-242A581E1E52|CAP-6F5DF526EE59|CAP-753A055CFA5A|CAP-89CA79DDADE2|CAP-9866D4AE9D59|CAP-B227DA36FA9B|CAP-B2BAF38F8204|CAP-ECBB8B6ED8D2|CAP-ED8397248098,true,REQUIRED,2026-07-31T20:18:20Z
CLUSTER-3B0A4645F1E78920,CAP-FA44BA71A8B0,Frontend Contract,API_ENDPOINT,backend/app/api/v1/frontend_contract.py,false,true,LOCAL_ONLY,DISCOVERY_REQUIRED,GET /ASSETS/{ASSET_ID}/CHART,UNKNOWN,UNKNOWN,CALCULATED_REAL,Unclassified platform capability,CAPABILITY_REVIEW,CapabilityInspector|EvidencePanel,ADMIN,PARTIALLY_VERIFIED,RUNTIME_SERVICE_UNVERIFIED|DATA_STATE_UNVERIFIED|OWNER_UNASSIGNED,0,,true,REQUIRED,2026-07-31T20:18:20Z
CLUSTER-3B2119F427ED870D,CAP-4C3B7B99A4A6,Nowpayments Create Alias,API_ENDPOINT,backend/app/api/compat/nowpayments_create_alias.py,false,true,LOCAL_ONLY,DISCOVERY_REQUIRED,GET /API/NDSP/NOWPAYMENTS-CREATE-ALIAS/HEALTH,JSON|POSTGRES,REAL_SNAPSHOT,CALCULATED_REAL,"Trial, plans, and billing",TRIAL_AND_BILLING,TrialCountdown|PlanComparison|UsageMeter|BillingStatus,USER|ADMIN,PARTIALLY_VERIFIED,RUNTIME_SERVICE_UNVERIFIED|OWNER_UNASSIGNED,0,,true,REQUIRED,2026-07-31T20:18:20Z
CLUSTER-3B2D0C744090CBFD,CAP-2CD69A7EA838,Frontend Contract,API_ENDPOINT,backend/app/api/v1/frontend_contract.py,false,true,LOCAL_ONLY,DISCOVERY_REQUIRED,POST /AUTH/REGISTER,UNKNOWN,UNKNOWN,CALCULATED_REAL,Authentication and account access,AUTHENTICATION,AuthForm|TwoFactorStep|SessionStatus|RecoveryFlow,PUBLIC|AUTHENTICATED_USER,PARTIALLY_VERIFIED,RUNTIME_SERVICE_UNVERIFIED|DATA_STATE_UNVERIFIED|OWNER_UNASSIGNED,0,,true,REQUIRED,2026-07-31T20:18:20Z
CLUSTER-3C2B33BFE5D13257,CAP-9ADF707918ED,Ndsp User Login Gateway,API_ENDPOINT,backend/auth_api/ndsp_user_login_gateway.cjs,false,true,LOCAL_ONLY,ndsp-user-login.service,GET /API/AUTH/SURVEY/STATUS,JSON,REAL_SNAPSHOT,CALCULATED_REAL,Platform operations and service health,PLATFORM_OPERATIONS,ServiceHealthGrid|RuntimeStatus|GatewayMonitor|BackupPanel,ADMIN,PARTIALLY_VERIFIED,OWNER_UNASSIGNED,0,,true,REQUIRED,2026-07-31T20:18:20Z
CLUSTER-3DB2CA2224CCB065,CAP-B167184CBF84,Frontend Contract,API_ENDPOINT,backend/app/api/v1/frontend_contract.py,false,true,LOCAL_ONLY,DISCOVERY_REQUIRED,POST /ME/WATCHLIST,UNKNOWN,UNKNOWN,CALCULATED_REAL,Unclassified platform capability,CAPABILITY_REVIEW,CapabilityInspector|EvidencePanel,ADMIN,PARTIALLY_VERIFIED,RUNTIME_SERVICE_UNVERIFIED|DATA_STATE_UNVERIFIED|OWNER_UNASSIGNED,0,,true,REQUIRED,2026-07-31T20:18:20Z
CLUSTER-40EAC1E50F40B29A,CAP-1736E39D1CE4,Frontend Contract,API_ENDPOINT,backend/app/api/v1/frontend_contract.py,false,true,LOCAL_ONLY,DISCOVERY_REQUIRED,POST /AUTH/MAGIC-LINK,UNKNOWN,UNKNOWN,CALCULATED_REAL,Authentication and account access,AUTHENTICATION,AuthForm|TwoFactorStep|SessionStatus|RecoveryFlow,PUBLIC|AUTHENTICATED_USER,PARTIALLY_VERIFIED,RUNTIME_SERVICE_UNVERIFIED|DATA_STATE_UNVERIFIED|OWNER_UNASSIGNED,0,,true,REQUIRED,2026-07-31T20:18:20Z
CLUSTER-418471406315AE70,CAP-48F24BF885D7,User Operational Compat,API_ENDPOINT,backend/app/api/compat/user_operational_compat.py,false,true,LOCAL_ONLY,DISCOVERY_REQUIRED,POST /API/TELEGRAM/LINK/START,JSON|POSTGRES,REAL_SNAPSHOT,CALCULATED_REAL,Alerts and delivery channels,ALERTS_AND_CHANNELS,AlertCenter|ChannelSettings|RoutingStatus|TestDelivery,USER|ADMIN,PARTIALLY_VERIFIED,RUNTIME_SERVICE_UNVERIFIED|OWNER_UNASSIGNED,0,,true,REQUIRED,2026-07-31T20:18:20Z
CLUSTER-4346E697DC6E8699,CAP-F56AB637F669,Ndsp User Login Gateway,API_ENDPOINT,backend/ndsp_user_login_gateway.cjs,true,true,ON_MAIN,ndsp-user-login.service,POST /API/AUTH/2FA/CONFIRM,JSON,REAL_SNAPSHOT,CALCULATED_REAL,Authentication and account access,AUTHENTICATION,AuthForm|TwoFactorStep|SessionStatus|RecoveryFlow,PUBLIC|AUTHENTICATED_USER,PARTIALLY_VERIFIED,OWNER_UNASSIGNED,1,CAP-0843B421B752,true,REQUIRED,2026-07-31T20:18:20Z
CLUSTER-439BB6D39BC81D2B,CAP-E9D779AE5200,Frontend Contract,API_ENDPOINT,backend/app/api/v1/frontend_contract.py,false,true,LOCAL_ONLY,DISCOVERY_REQUIRED,GET /ADMIN/REGISTRATIONS,UNKNOWN,UNKNOWN,CALCULATED_REAL,Admin user management,ADMIN_USERS,UsersTable|UserDetailDrawer|RoleBadge|EntitlementPanel,ADMIN,PARTIALLY_VERIFIED,RUNTIME_SERVICE_UNVERIFIED|DATA_STATE_UNVERIFIED|OWNER_UNASSIGNED,0,,true,REQUIRED,2026-07-31T20:18:20Z
CLUSTER-43E988AB222E55F2,CAP-A57ECAABD0D2,Frontend Contract,API_ENDPOINT,backend/app/api/v1/frontend_contract.py,false,true,LOCAL_ONLY,DISCOVERY_REQUIRED,GET /ASSETS,UNKNOWN,UNKNOWN,CALCULATED_REAL,Unclassified platform capability,CAPABILITY_REVIEW,CapabilityInspector|EvidencePanel,ADMIN,PARTIALLY_VERIFIED,RUNTIME_SERVICE_UNVERIFIED|DATA_STATE_UNVERIFIED|OWNER_UNASSIGNED,0,,true,REQUIRED,2026-07-31T20:18:20Z
CLUSTER-456F5C0D6EEA8305,CAP-7A9637DD3A75,Frontend Contract,API_ENDPOINT,backend/app/api/v1/frontend_contract.py,false,true,LOCAL_ONLY,DISCOVERY_REQUIRED,GET /MARKETS,UNKNOWN,UNKNOWN,CALCULATED_REAL,Market and economic intelligence,MARKET_INTELLIGENCE,MarketOverview|COTPanel|ForecastChart|IndicatorGrid,USER|ADMIN,PARTIALLY_VERIFIED,RUNTIME_SERVICE_UNVERIFIED|DATA_STATE_UNVERIFIED|OWNER_UNASSIGNED,0,,true,REQUIRED,2026-07-31T20:18:20Z
CLUSTER-4667012B1A9E34A8,CAP-2B9AC68DB1D6,Assert No Decision Mutation,ALGORITHM_OR_BUSINESS_LOGIC,backend/app/support_layers/scenario/scenario_engine.py::assert_no_decision_mutation,false,true,LOCAL_ONLY,DISCOVERY_REQUIRED,DISCOVERY_REQUIRED,UNKNOWN,UNKNOWN,DISCOVERY_REQUIRED,Decision intelligence workspace,DECISION_ROOM,DecisionSummary|SignalPanel|ScenarioMatrix|NarrativeCard,USER|ADMIN,PARTIALLY_VERIFIED,RUNTIME_SERVICE_UNVERIFIED|API_CONTRACT_UNVERIFIED|DATA_STATE_UNVERIFIED|OWNER_UNASSIGNED,0,,true,REQUIRED,2026-07-31T20:18:20Z
CLUSTER-46E5B501847DD809,CAP-13D1EE0A3B7A,Ndsp User Dashboard Gateway,API_ENDPOINT,backend/ndsp_user_dashboard_gateway.cjs,true,true,ON_MAIN,ndsp-user-dashboard.service,GET /API/USER-DASHBOARD/SAAS-POLICY,JSON,REAL_SNAPSHOT,CALCULATED_REAL,Platform operations and service health,PLATFORM_OPERATIONS,ServiceHealthGrid|RuntimeStatus|GatewayMonitor|BackupPanel,ADMIN,PARTIALLY_VERIFIED,OWNER_UNASSIGNED,1,CAP-2D45C5C1A44B,true,REQUIRED,2026-07-31T20:18:20Z
CLUSTER-49DBC384FFE12134,CAP-4B75FD38F852,Ndsp Admin Ui Proxy,API_ENDPOINT,backend/ndsp_admin_ui_proxy.cjs,true,true,ON_MAIN,ndsp-admin-ui-proxy.service,POST /API/ADMIN-UI/ALERTS/TEST,JSON,REAL_SNAPSHOT,CALCULATED_REAL,Platform operations and service health,PLATFORM_OPERATIONS,ServiceHealthGrid|RuntimeStatus|GatewayMonitor|BackupPanel,ADMIN,PARTIALLY_VERIFIED,OWNER_UNASSIGNED,1,CAP-C58E98CA2D3A,true,REQUIRED,2026-07-31T20:18:20Z
CLUSTER-4AE80B870122ACCA,CAP-F6B5F7A0A680,Frontend Fields Api,API_ENDPOINT,backend/app/ndsp_governance/frontend_fields_api.py,false,true,LOCAL_ONLY,DISCOVERY_REQUIRED,GET /API/NDSP/FRONTEND-FIELDS/PROBE,UNKNOWN,UNKNOWN,CALCULATED_REAL,Decision quality and risk controls,QUALITY_AND_RISK,QualityScore|RiskPanel|ConfidenceGauge|GovernanceStatus,USER|ADMIN,PARTIALLY_VERIFIED,RUNTIME_SERVICE_UNVERIFIED|DATA_STATE_UNVERIFIED|OWNER_UNASSIGNED,0,,true,REQUIRED,2026-07-31T20:18:20Z
CLUSTER-52E920E2015C88E7,CAP-C26418100904,User Operational Compat,API_ENDPOINT,backend/app/api/compat/user_operational_compat.py,false,true,LOCAL_ONLY,DISCOVERY_REQUIRED,GET /API/NDSP/COMPAT/HEALTH,JSON|POSTGRES,REAL_SNAPSHOT,CALCULATED_REAL,Platform operations and service health,PLATFORM_OPERATIONS,ServiceHealthGrid|RuntimeStatus|GatewayMonitor|BackupPanel,ADMIN,PARTIALLY_VERIFIED,RUNTIME_SERVICE_UNVERIFIED|OWNER_UNASSIGNED,0,,true,REQUIRED,2026-07-31T20:18:20Z
CLUSTER-547C76FD6DEEB68F,CAP-A1CD5A0B9B66,Market Type For,ALGORITHM_OR_BUSINESS_LOGIC,backend/ndsp-live-decision-quality/asset_registry_runtime.py::market_type_for,false,true,UNTRACKED,ndsp-live-decision-quality.service,DISCOVERY_REQUIRED,JSON,REAL_SNAPSHOT,CALCULATED_REAL,Platform operations and service health,PLATFORM_OPERATIONS,ServiceHealthGrid|RuntimeStatus|GatewayMonitor|BackupPanel,ADMIN,PARTIALLY_VERIFIED,API_CONTRACT_UNVERIFIED|OWNER_UNASSIGNED,0,,true,REQUIRED,2026-07-31T20:18:20Z
CLUSTER-56135DB7D7AC83E9,CAP-5FEF33A2C87F,Ndsp User Login Gateway,API_ENDPOINT,backend/auth_api/ndsp_user_login_gateway.cjs,false,true,LOCAL_ONLY,ndsp-user-login.service,POST /API/AUTH/EVENTS,JSON,REAL_SNAPSHOT,CALCULATED_REAL,Platform operations and service health,PLATFORM_OPERATIONS,ServiceHealthGrid|RuntimeStatus|GatewayMonitor|BackupPanel,ADMIN,PARTIALLY_VERIFIED,OWNER_UNASSIGNED,0,,true,REQUIRED,2026-07-31T20:18:20Z
CLUSTER-566579A5139ED492,CAP-6F83F74440AE,Frontend Contract,API_ENDPOINT,backend/app/api/v1/frontend_contract.py,false,true,LOCAL_ONLY,DISCOVERY_REQUIRED,GET /ASSETS/{ASSET_ID}/DECISION,UNKNOWN,UNKNOWN,CALCULATED_REAL,Decision intelligence workspace,DECISION_ROOM,DecisionSummary|SignalPanel|ScenarioMatrix|NarrativeCard,USER|ADMIN,PARTIALLY_VERIFIED,RUNTIME_SERVICE_UNVERIFIED|DATA_STATE_UNVERIFIED|OWNER_UNASSIGNED,0,,true,REQUIRED,2026-07-31T20:18:20Z
CLUSTER-56B06674577E8202,CAP-2CC212BF4F8E,Frontend Contract,API_ENDPOINT,backend/app/api/v1/frontend_contract.py,false,true,LOCAL_ONLY,DISCOVERY_REQUIRED,DELETE /ME/WATCHLIST/{ASSET_ID},UNKNOWN,UNKNOWN,CALCULATED_REAL,Unclassified platform capability,CAPABILITY_REVIEW,CapabilityInspector|EvidencePanel,ADMIN,PARTIALLY_VERIFIED,RUNTIME_SERVICE_UNVERIFIED|DATA_STATE_UNVERIFIED|OWNER_UNASSIGNED,0,,true,REQUIRED,2026-07-31T20:18:20Z
CLUSTER-5792A265FF46E0D7,CAP-F142BF636522,Ndsp Admin Ui Proxy,API_ENDPOINT,backend/ndsp_admin_ui_proxy.cjs,true,true,ON_MAIN,ndsp-admin-ui-proxy.service,GET /API/ADMIN-UI/TRIALS,JSON,REAL_SNAPSHOT,CALCULATED_REAL,"Trial, plans, and billing",TRIAL_AND_BILLING,TrialCountdown|PlanComparison|UsageMeter|BillingStatus,USER|ADMIN,PARTIALLY_VERIFIED,OWNER_UNASSIGNED,1,CAP-7F41666FC0D4,true,REQUIRED,2026-07-31T20:18:20Z
CLUSTER-582655326350BC33,CAP-E01E3F460977,Ndsp User Login Gateway,API_ENDPOINT,backend/ndsp_user_login_gateway.cjs,true,true,ON_MAIN,ndsp-user-login.service,GET /API/AUTH/LOGIN/HEALTH,JSON,REAL_SNAPSHOT,CALCULATED_REAL,Platform operations and service health,PLATFORM_OPERATIONS,ServiceHealthGrid|RuntimeStatus|GatewayMonitor|BackupPanel,ADMIN,PARTIALLY_VERIFIED,OWNER_UNASSIGNED,1,CAP-D6B934D294FE,true,REQUIRED,2026-07-31T20:18:20Z
CLUSTER-5B9DAFE475C08AEA,CAP-C84121300635,Tdl V2 Policy Admin,API_ENDPOINT,apps/ndsp-governance-bridge/policies/admin_snapshot/tdl_v2_policy_admin.py,false,true,LOCAL_ONLY,ndsp-governance-bridge.service,POST /TIMING/ENABLE,UNKNOWN,UNKNOWN,CALCULATED_REAL,Decision quality and risk controls,QUALITY_AND_RISK,QualityScore|RiskPanel|ConfidenceGauge|GovernanceStatus,USER|ADMIN,PARTIALLY_VERIFIED,DATA_STATE_UNVERIFIED|OWNER_UNASSIGNED,0,,true,REQUIRED,2026-07-31T20:18:20Z
CLUSTER-5C8A28CB4849CE41,CAP-70F625B28F63,Alert Prefs Post,ALGORITHM_OR_BUSINESS_LOGIC,backend/app/api/compat/user_operational_compat.py::alert_prefs_post,false,true,LOCAL_ONLY,DISCOVERY_REQUIRED,GET /API/AUTH/ACTIVATE|GET /API/NDSP/COMPAT/HEALTH|GET /API/PAYMENTS/NOWPAYMENTS/SUBSCRIPTION/STATUS|GET /API/USER/ALERT-PREFERENCES|GET /API/V6/PAYMENTS/NOWPAYMENTS/SUBSCRIPTION/STATUS|POST /API/ALERTS/EMAIL/TEST|POST /API/AUTH/ACTIVATE|POST /API/AUTH/REGISTER-TRIAL|POST /API/PAYMENTS/NOWPAYMENTS/SUBSCRIPTION/CREATE|POST /API/TELEGRAM/LINK/START|POST /API/TELEGRAM/LINK/VERIFY|POST /API/TRIAL/REGISTER|POST /API/TRIAL/REQUEST|POST /API/USER/ALERT-PREFERENCES|POST /API/V1/TRIAL/REGISTER|POST /API/V6/PAYMENTS/NOWPAYMENTS/SUBSCRIPTION/CREATE,JSON|POSTGRES,REAL_SNAPSHOT,CALCULATED_REAL,"Trial, plans, and billing",TRIAL_AND_BILLING,TrialCountdown|PlanComparison|UsageMeter|BillingStatus,USER|ADMIN,PARTIALLY_VERIFIED,RUNTIME_SERVICE_UNVERIFIED|OWNER_UNASSIGNED,3,CAP-A6810593B898|CAP-CF000A7305E2|CAP-E668719D9AD9,true,REQUIRED,2026-07-31T20:18:20Z
CLUSTER-5DBA84E9131F0BAC,CAP-F19E055AF8D6,User Operational Compat,API_ENDPOINT,backend/app/api/compat/user_operational_compat.py,false,true,LOCAL_ONLY,DISCOVERY_REQUIRED,POST /API/AUTH/ACTIVATE,JSON|POSTGRES,REAL_SNAPSHOT,CALCULATED_REAL,Authentication and account access,AUTHENTICATION,AuthForm|TwoFactorStep|SessionStatus|RecoveryFlow,PUBLIC|AUTHENTICATED_USER,PARTIALLY_VERIFIED,RUNTIME_SERVICE_UNVERIFIED|OWNER_UNASSIGNED,0,,true,REQUIRED,2026-07-31T20:18:20Z
CLUSTER-5E7C7AD2F1B4282A,CAP-A194414E26E2,Telegram Routing Admin,API_ENDPOINT,backend/app/api/admin/telegram_routing_admin.py,false,true,LOCAL_ONLY,DISCOVERY_REQUIRED,POST /TEST,JSON|POSTGRES,REAL_SNAPSHOT,CALCULATED_REAL,Alerts and delivery channels,ALERTS_AND_CHANNELS,AlertCenter|ChannelSettings|RoutingStatus|TestDelivery,USER|ADMIN,PARTIALLY_VERIFIED,RUNTIME_SERVICE_UNVERIFIED|OWNER_UNASSIGNED,2,CAP-B3BF7C85F687|CAP-CAD48928C8E4,true,REQUIRED,2026-07-31T20:18:20Z
CLUSTER-5E9DA9DE4B7D094A,CAP-9EAA6B9BF2BC,User Operational Compat,API_ENDPOINT,backend/app/api/compat/user_operational_compat.py,false,true,LOCAL_ONLY,DISCOVERY_REQUIRED,GET /API/PAYMENTS/NOWPAYMENTS/SUBSCRIPTION/STATUS,JSON|POSTGRES,REAL_SNAPSHOT,CALCULATED_REAL,"Trial, plans, and billing",TRIAL_AND_BILLING,TrialCountdown|PlanComparison|UsageMeter|BillingStatus,USER|ADMIN,PARTIALLY_VERIFIED,RUNTIME_SERVICE_UNVERIFIED|OWNER_UNASSIGNED,0,,true,REQUIRED,2026-07-31T20:18:20Z
CLUSTER-5F9C10E11F6C8818,CAP-FAAE9703FE61,User Operational Compat,API_ENDPOINT,backend/app/api/compat/user_operational_compat.py,false,true,LOCAL_ONLY,DISCOVERY_REQUIRED,GET /API/USER/ALERT-PREFERENCES,JSON|POSTGRES,REAL_SNAPSHOT,CALCULATED_REAL,Alerts and delivery channels,ALERTS_AND_CHANNELS,AlertCenter|ChannelSettings|RoutingStatus|TestDelivery,USER|ADMIN,PARTIALLY_VERIFIED,RUNTIME_SERVICE_UNVERIFIED|OWNER_UNASSIGNED,0,,true,REQUIRED,2026-07-31T20:18:20Z
CLUSTER-631F0C2197AF7D5E,CAP-8CF43007F5CD,Telegram Routing V2,API_ENDPOINT,backend/app/api/admin/telegram_routing_v2.py,false,true,LOCAL_ONLY,DISCOVERY_REQUIRED,GET /DEBUG-AUTH,JSON|POSTGRES,REAL_SNAPSHOT,CALCULATED_REAL,Alerts and delivery channels,ALERTS_AND_CHANNELS,AlertCenter|ChannelSettings|RoutingStatus|TestDelivery,USER|ADMIN,PARTIALLY_VERIFIED,RUNTIME_SERVICE_UNVERIFIED|OWNER_UNASSIGNED,1,CAP-C60CD9D10164,true,REQUIRED,2026-07-31T20:18:20Z
CLUSTER-64C310B6EDCD42B4,CAP-3965B46743DE,Frontend Contract,API_ENDPOINT,backend/app/api/v1/frontend_contract.py,false,true,LOCAL_ONLY,DISCOVERY_REQUIRED,POST /ADMIN/REGISTRATIONS/{REGISTRATION_ID}/DECISION,UNKNOWN,UNKNOWN,CALCULATED_REAL,Decision intelligence workspace,DECISION_ROOM,DecisionSummary|SignalPanel|ScenarioMatrix|NarrativeCard,USER|ADMIN,PARTIALLY_VERIFIED,RUNTIME_SERVICE_UNVERIFIED|DATA_STATE_UNVERIFIED|OWNER_UNASSIGNED,0,,true,REQUIRED,2026-07-31T20:18:20Z
CLUSTER-65E18FD59CD68EA6,CAP-B39355BFBE71,Ndsp Admin Ui Proxy,API_ENDPOINT,backend/ndsp_admin_ui_proxy.cjs,true,true,ON_MAIN,ndsp-admin-ui-proxy.service,GET /API/ADMIN-UI/SUMMARY,JSON,REAL_SNAPSHOT,CALCULATED_REAL,"Reports, analytics, and evidence",REPORTS_AND_ANALYTICS,ReportLibrary|AnalyticsChart|HistoryTable|EvidenceDrawer,USER|ADMIN,PARTIALLY_VERIFIED,OWNER_UNASSIGNED,1,CAP-255A55D1B989,true,REQUIRED,2026-07-31T20:18:20Z
CLUSTER-67635868736B0665,CAP-538A80545E29,Frontend Contract,API_ENDPOINT,backend/app/api/v1/frontend_contract.py,false,true,LOCAL_ONLY,DISCOVERY_REQUIRED,POST /ME/CHANNELS/EMAIL/TEST,UNKNOWN,UNKNOWN,CALCULATED_REAL,Alerts and delivery channels,ALERTS_AND_CHANNELS,AlertCenter|ChannelSettings|RoutingStatus|TestDelivery,USER|ADMIN,PARTIALLY_VERIFIED,RUNTIME_SERVICE_UNVERIFIED|DATA_STATE_UNVERIFIED|OWNER_UNASSIGNED,0,,true,REQUIRED,2026-07-31T20:18:20Z
CLUSTER-67D1DD2C621BA7A2,CAP-644C81537AC6,Ndsp User Login Gateway,API_ENDPOINT,backend/ndsp_user_login_gateway.cjs,true,true,ON_MAIN,ndsp-user-login.service,POST /API/AUTH/2FA/STATUS,JSON,REAL_SNAPSHOT,CALCULATED_REAL,Platform operations and service health,PLATFORM_OPERATIONS,ServiceHealthGrid|RuntimeStatus|GatewayMonitor|BackupPanel,ADMIN,PARTIALLY_VERIFIED,OWNER_UNASSIGNED,1,CAP-A8D586B30335,true,REQUIRED,2026-07-31T20:18:20Z
CLUSTER-6A45450BC66CD8D3,CAP-513B295710F5,Ndsp Admin Ui Proxy,API_ENDPOINT,backend/ndsp_admin_ui_proxy.cjs,true,true,ON_MAIN,ndsp-admin-ui-proxy.service,GET /API/ADMIN-UI/PAYMENTS,JSON,REAL_SNAPSHOT,CALCULATED_REAL,"Trial, plans, and billing",TRIAL_AND_BILLING,TrialCountdown|PlanComparison|UsageMeter|BillingStatus,USER|ADMIN,PARTIALLY_VERIFIED,OWNER_UNASSIGNED,1,CAP-BE5C7B84201D,true,REQUIRED,2026-07-31T20:18:20Z
CLUSTER-6F9527A740879BA9,CAP-8374FD1D62EB,Ndsp Admin Ui Proxy,API_ENDPOINT,backend/ndsp_admin_ui_proxy.cjs,true,true,ON_MAIN,ndsp-admin-ui-proxy.service,GET /API/ADMIN-UI/ALERTS,JSON,REAL_SNAPSHOT,CALCULATED_REAL,Platform operations and service health,PLATFORM_OPERATIONS,ServiceHealthGrid|RuntimeStatus|GatewayMonitor|BackupPanel,ADMIN,PARTIALLY_VERIFIED,OWNER_UNASSIGNED,1,CAP-B25ABE2AD98F,true,REQUIRED,2026-07-31T20:18:20Z
CLUSTER-7221689E4834C98E,CAP-22453668AACA,Telegram Routing V2,API_ENDPOINT,backend/app/api/admin/telegram_routing_v2.py,false,true,LOCAL_ONLY,DISCOVERY_REQUIRED,POST /UPDATE,JSON|POSTGRES,REAL_SNAPSHOT,CALCULATED_REAL,Alerts and delivery channels,ALERTS_AND_CHANNELS,AlertCenter|ChannelSettings|RoutingStatus|TestDelivery,USER|ADMIN,PARTIALLY_VERIFIED,RUNTIME_SERVICE_UNVERIFIED|OWNER_UNASSIGNED,2,CAP-65156AA526BC|CAP-FBE70B1294BC,true,REQUIRED,2026-07-31T20:18:20Z
CLUSTER-73EFBFAE1A55AC95,CAP-5B18901D1F22,Frontend Contract,API_ENDPOINT,backend/app/api/v1/frontend_contract.py,false,true,LOCAL_ONLY,DISCOVERY_REQUIRED,GET /CONTRACT/STATUS,UNKNOWN,UNKNOWN,CALCULATED_REAL,Platform operations and service health,PLATFORM_OPERATIONS,ServiceHealthGrid|RuntimeStatus|GatewayMonitor|BackupPanel,ADMIN,PARTIALLY_VERIFIED,RUNTIME_SERVICE_UNVERIFIED|DATA_STATE_UNVERIFIED|OWNER_UNASSIGNED,0,,true,REQUIRED,2026-07-31T20:18:20Z
CLUSTER-754B89CD5C66FF20,CAP-116FF6D929A9,Ndsp User Login Gateway,API_ENDPOINT,backend/auth_api/ndsp_user_login_gateway.cjs,false,true,LOCAL_ONLY,ndsp-user-login.service,GET /API/AUTH/DECISION-ROOM-ACCESS,JSON,REAL_SNAPSHOT,CALCULATED_REAL,Platform operations and service health,PLATFORM_OPERATIONS,ServiceHealthGrid|RuntimeStatus|GatewayMonitor|BackupPanel,ADMIN,PARTIALLY_VERIFIED,OWNER_UNASSIGNED,0,,true,REQUIRED,2026-07-31T20:18:20Z
CLUSTER-75F9D184F9AFE542,CAP-BD19C45FECD0,Frontend Contract,API_ENDPOINT,backend/app/api/v1/frontend_contract.py,false,true,LOCAL_ONLY,DISCOVERY_REQUIRED,POST /PAYMENTS/CHECKOUT,UNKNOWN,UNKNOWN,CALCULATED_REAL,"Trial, plans, and billing",TRIAL_AND_BILLING,TrialCountdown|PlanComparison|UsageMeter|BillingStatus,USER|ADMIN,PARTIALLY_VERIFIED,RUNTIME_SERVICE_UNVERIFIED|DATA_STATE_UNVERIFIED|OWNER_UNASSIGNED,0,,true,REQUIRED,2026-07-31T20:18:20Z
CLUSTER-7760D3ACF83E0B50,CAP-D559FE326861,User Operational Compat,API_ENDPOINT,backend/app/api/compat/user_operational_compat.py,false,true,LOCAL_ONLY,DISCOVERY_REQUIRED,POST /API/USER/ALERT-PREFERENCES,JSON|POSTGRES,REAL_SNAPSHOT,CALCULATED_REAL,Alerts and delivery channels,ALERTS_AND_CHANNELS,AlertCenter|ChannelSettings|RoutingStatus|TestDelivery,USER|ADMIN,PARTIALLY_VERIFIED,RUNTIME_SERVICE_UNVERIFIED|OWNER_UNASSIGNED,0,,true,REQUIRED,2026-07-31T20:18:20Z
CLUSTER-7845464071C28F4D,CAP-F197D783C391,User Operational Compat,API_ENDPOINT,backend/app/api/compat/user_operational_compat.py,false,true,LOCAL_ONLY,DISCOVERY_REQUIRED,GET /API/V6/PAYMENTS/NOWPAYMENTS/SUBSCRIPTION/STATUS,JSON|POSTGRES,REAL_SNAPSHOT,CALCULATED_REAL,"Trial, plans, and billing",TRIAL_AND_BILLING,TrialCountdown|PlanComparison|UsageMeter|BillingStatus,USER|ADMIN,PARTIALLY_VERIFIED,RUNTIME_SERVICE_UNVERIFIED|OWNER_UNASSIGNED,0,,true,REQUIRED,2026-07-31T20:18:20Z
CLUSTER-78C95988F325EF45,CAP-C32C78AB47B0,Ndsp Admin Ui Proxy,API_ENDPOINT,backend/ndsp_admin_ui_proxy.cjs,true,true,ON_MAIN,ndsp-admin-ui-proxy.service,GET /API/ADMIN-UI/GOVERNANCE,JSON,REAL_SNAPSHOT,CALCULATED_REAL,Decision quality and risk controls,QUALITY_AND_RISK,QualityScore|RiskPanel|ConfidenceGauge|GovernanceStatus,USER|ADMIN,PARTIALLY_VERIFIED,OWNER_UNASSIGNED,1,CAP-54AB364B10F5,true,REQUIRED,2026-07-31T20:18:20Z
CLUSTER-7C1FEACB5901A8AF,CAP-48E71B4F1CF7,Ndsp Api Compat Gateway,API_ENDPOINT,backend/ndsp_api_compat_gateway.cjs,true,true,ON_MAIN,ndsp-api-compat.service,GET /API/PAYMENTS/STATUS,JSON,REAL_SNAPSHOT,CALCULATED_REAL,Platform operations and service health,PLATFORM_OPERATIONS,ServiceHealthGrid|RuntimeStatus|GatewayMonitor|BackupPanel,ADMIN,PARTIALLY_VERIFIED,OWNER_UNASSIGNED,1,CAP-F66DBAC61596,true,REQUIRED,2026-07-31T20:18:20Z
CLUSTER-7D965DF29C66CBAD,CAP-8F78E58E5656,Ndsp User Login Gateway,API_ENDPOINT,backend/ndsp_user_login_gateway.cjs,true,true,ON_MAIN,ndsp-user-login.service,POST /API/AUTH/2FA/SETUP/CONFIRM,JSON,REAL_SNAPSHOT,CALCULATED_REAL,Authentication and account access,AUTHENTICATION,AuthForm|TwoFactorStep|SessionStatus|RecoveryFlow,PUBLIC|AUTHENTICATED_USER,PARTIALLY_VERIFIED,OWNER_UNASSIGNED,1,CAP-50F4AF813A40,true,REQUIRED,2026-07-31T20:18:20Z
CLUSTER-7EB5191C8588F907,CAP-00ED621D6D60,Ndsp Attach Dual Scenario Data Quality Public V1,ALGORITHM_OR_BUSINESS_LOGIC,backend/ndsp-live-decision-quality/server.py::_ndsp_attach_dual_scenario_data_quality_public_v1,false,true,LOCAL_ONLY,ndsp-live-decision-quality.service,GET /API/DECISION/QUALITY-LIVE|GET /API/DECISION/QUALITY-LIVE/HEALTH,CSV|JSON,REAL_SNAPSHOT,CALCULATED_REAL,Public platform presentation,LANDING,CapabilityProof|LiveMetric|PlatformTimeline,PUBLIC,PARTIALLY_VERIFIED,OWNER_UNASSIGNED,2,CAP-4EB8C4DDA8E9|CAP-8189CA8761C9,true,REQUIRED,2026-07-31T20:18:20Z
CLUSTER-7F849E4490C35BB1,CAP-4FF90CCC6DFE,Tdl V2 Policy Admin,API_ENDPOINT,apps/ndsp-governance-bridge/policies/admin_snapshot/tdl_v2_policy_admin.py,false,true,LOCAL_ONLY,ndsp-governance-bridge.service,GET /POLICY,UNKNOWN,UNKNOWN,CALCULATED_REAL,Decision quality and risk controls,QUALITY_AND_RISK,QualityScore|RiskPanel|ConfidenceGauge|GovernanceStatus,USER|ADMIN,PARTIALLY_VERIFIED,DATA_STATE_UNVERIFIED|OWNER_UNASSIGNED,0,,true,REQUIRED,2026-07-31T20:18:20Z
CLUSTER-8DB24B3A307DBA1B,CAP-0622719B013B,Ndsp Public Quality Unique,API_ENDPOINT,backend/app/api/ndsp_public_quality_unique.py,false,true,LOCAL_ONLY,DISCOVERY_REQUIRED,GET /API/NDSP/PUBLIC/DECISION-QUALITY,UNKNOWN,UNKNOWN,CALCULATED_REAL,Public platform presentation,LANDING,CapabilityProof|LiveMetric|PlatformTimeline,PUBLIC,PARTIALLY_VERIFIED,RUNTIME_SERVICE_UNVERIFIED|DATA_STATE_UNVERIFIED|OWNER_UNASSIGNED,1,CAP-1653A8452D19,true,REQUIRED,2026-07-31T20:18:20Z
CLUSTER-8E2FC46606546F23,CAP-071618E88E83,Frontend Contract,API_ENDPOINT,backend/app/api/v1/frontend_contract.py,false,true,LOCAL_ONLY,DISCOVERY_REQUIRED,GET /ME/ENTITLEMENTS,UNKNOWN,UNKNOWN,CALCULATED_REAL,Admin user management,ADMIN_USERS,UsersTable|UserDetailDrawer|RoleBadge|EntitlementPanel,ADMIN,PARTIALLY_VERIFIED,RUNTIME_SERVICE_UNVERIFIED|DATA_STATE_UNVERIFIED|OWNER_UNASSIGNED,0,,true,REQUIRED,2026-07-31T20:18:20Z
CLUSTER-8F243050068688C8,CAP-4FCAA631BA18,Ndsp Admin Actions Bypass Old Middleware,API_ENDPOINT,backend/ndsp_admin_actions_bypass_old_middleware.cjs,true,true,ON_MAIN,ndsp-admin-actions.service,POST /API/ADMIN-ACTIONS/USERS/ACTION,JSON,REAL_SNAPSHOT,CALCULATED_REAL,Admin user management,ADMIN_USERS,UsersTable|UserDetailDrawer|RoleBadge|EntitlementPanel,ADMIN,PARTIALLY_VERIFIED,OWNER_UNASSIGNED,1,CAP-3ACB19AAC8FC,true,REQUIRED,2026-07-31T20:18:20Z
CLUSTER-8F684E41181B6FEE,CAP-47C952094550,Ndsp Admin Actions Authoritative,API_ENDPOINT,backend/ndsp_admin_actions_authoritative.cjs,true,true,ON_MAIN,ndsp-admin-actions.service,GET /API/ADMIN/USERS/ACTION/HEALTH,JSON,REAL_SNAPSHOT,CALCULATED_REAL,Platform operations and service health,PLATFORM_OPERATIONS,ServiceHealthGrid|RuntimeStatus|GatewayMonitor|BackupPanel,ADMIN,PARTIALLY_VERIFIED,OWNER_UNASSIGNED,1,CAP-D0B77E088DEE,true,REQUIRED,2026-07-31T20:18:20Z
CLUSTER-91FDD188B6AF925D,CAP-E6FFD507C6FA,Ndsp User Login Gateway,API_ENDPOINT,backend/ndsp_user_login_gateway.cjs,true,true,ON_MAIN,ndsp-user-login.service,POST /API/AUTH/2FA/SETUP/CONFIRM-SPEAKEASY,JSON,REAL_SNAPSHOT,CALCULATED_REAL,Authentication and account access,AUTHENTICATION,AuthForm|TwoFactorStep|SessionStatus|RecoveryFlow,PUBLIC|AUTHENTICATED_USER,PARTIALLY_VERIFIED,OWNER_UNASSIGNED,1,CAP-376A2E7311B7,true,REQUIRED,2026-07-31T20:18:20Z
CLUSTER-93E3BBEA8F0A76F6,CAP-93DD0F3859D4,Tdl V2 Policy Admin,API_ENDPOINT,apps/ndsp-governance-bridge/policies/admin_snapshot/tdl_v2_policy_admin.py,false,true,LOCAL_ONLY,ndsp-governance-bridge.service,POST /TIMING/DISABLE,UNKNOWN,UNKNOWN,CALCULATED_REAL,Decision quality and risk controls,QUALITY_AND_RISK,QualityScore|RiskPanel|ConfidenceGauge|GovernanceStatus,USER|ADMIN,PARTIALLY_VERIFIED,DATA_STATE_UNVERIFIED|OWNER_UNASSIGNED,0,,true,REQUIRED,2026-07-31T20:18:20Z
CLUSTER-955B64BDFA938A5B,CAP-5F34508D1D07,User Operational Compat,API_ENDPOINT,backend/app/api/compat/user_operational_compat.py,false,true,LOCAL_ONLY,DISCOVERY_REQUIRED,POST /API/V1/TRIAL/REGISTER,JSON|POSTGRES,REAL_SNAPSHOT,CALCULATED_REAL,"Trial, plans, and billing",TRIAL_AND_BILLING,TrialCountdown|PlanComparison|UsageMeter|BillingStatus,USER|ADMIN,PARTIALLY_VERIFIED,RUNTIME_SERVICE_UNVERIFIED|OWNER_UNASSIGNED,0,,true,REQUIRED,2026-07-31T20:18:20Z
CLUSTER-95A680D94563A2A1,CAP-570806ECD8A4,Ndsp Api Compat Gateway,API_ENDPOINT,backend/ndsp_api_compat_gateway.cjs,true,true,ON_MAIN,ndsp-api-compat.service,GET /HEALTH,JSON,REAL_SNAPSHOT,CALCULATED_REAL,Platform operations and service health,PLATFORM_OPERATIONS,ServiceHealthGrid|RuntimeStatus|GatewayMonitor|BackupPanel,ADMIN,PARTIALLY_VERIFIED,OWNER_UNASSIGNED,2,CAP-8E040D696446|CAP-EEDDE460DD9C,true,REQUIRED,2026-07-31T20:18:20Z
CLUSTER-97466F763D9BD9E5,CAP-8A9DD9B6E7D5,Tdl V2 Policy Admin,API_ENDPOINT,apps/ndsp-governance-bridge/policies/admin_snapshot/tdl_v2_policy_admin.py,false,true,LOCAL_ONLY,ndsp-governance-bridge.service,GET /AUTH-DEBUG,UNKNOWN,UNKNOWN,CALCULATED_REAL,Decision quality and risk controls,QUALITY_AND_RISK,QualityScore|RiskPanel|ConfidenceGauge|GovernanceStatus,USER|ADMIN,PARTIALLY_VERIFIED,DATA_STATE_UNVERIFIED|OWNER_UNASSIGNED,0,,true,REQUIRED,2026-07-31T20:18:20Z
CLUSTER-9770B51137F30B8E,CAP-945D34B96341,User Operational Compat,API_ENDPOINT,backend/app/api/compat/user_operational_compat.py,false,true,LOCAL_ONLY,DISCOVERY_REQUIRED,POST /API/AUTH/REGISTER-TRIAL,JSON|POSTGRES,REAL_SNAPSHOT,CALCULATED_REAL,Authentication and account access,AUTHENTICATION,AuthForm|TwoFactorStep|SessionStatus|RecoveryFlow,PUBLIC|AUTHENTICATED_USER,PARTIALLY_VERIFIED,RUNTIME_SERVICE_UNVERIFIED|OWNER_UNASSIGNED,0,,true,REQUIRED,2026-07-31T20:18:20Z
CLUSTER-979F2906008108BE,CAP-033B90B3A316,Nowpayments Create Alias,API_ENDPOINT,backend/app/api/compat/nowpayments_create_alias.py,false,true,LOCAL_ONLY,DISCOVERY_REQUIRED,POST /API/PAYMENTS/NOWPAYMENTS/SUBSCRIPTION/CREATE,JSON|POSTGRES,REAL_SNAPSHOT,CALCULATED_REAL,"Trial, plans, and billing",TRIAL_AND_BILLING,TrialCountdown|PlanComparison|UsageMeter|BillingStatus,USER|ADMIN,PARTIALLY_VERIFIED,RUNTIME_SERVICE_UNVERIFIED|OWNER_UNASSIGNED,1,CAP-628E213D3D54,true,REQUIRED,2026-07-31T20:18:20Z
CLUSTER-9899BA6BB68DEBC5,CAP-3D9086A829ED,Ndsp Admin Ui Proxy,API_ENDPOINT,backend/ndsp_admin_ui_proxy.cjs,true,true,ON_MAIN,ndsp-admin-ui-proxy.service,POST /API/ADMIN-UI/ACTION,JSON,REAL_SNAPSHOT,CALCULATED_REAL,Platform operations and service health,PLATFORM_OPERATIONS,ServiceHealthGrid|RuntimeStatus|GatewayMonitor|BackupPanel,ADMIN,PARTIALLY_VERIFIED,OWNER_UNASSIGNED,1,CAP-43B04D28A46B,true,REQUIRED,2026-07-31T20:18:20Z
CLUSTER-9BB860E906E5F008,CAP-24BDA2A0DD8B,Ndsp Admin Ui Proxy,API_ENDPOINT,backend/ndsp_admin_ui_proxy.cjs,true,true,ON_MAIN,ndsp-admin-ui-proxy.service,GET /API/ADMIN-UI/USERS,JSON,REAL_SNAPSHOT,CALCULATED_REAL,Admin user management,ADMIN_USERS,UsersTable|UserDetailDrawer|RoleBadge|EntitlementPanel,ADMIN,PARTIALLY_VERIFIED,OWNER_UNASSIGNED,1,CAP-C8F6891BC250,true,REQUIRED,2026-07-31T20:18:20Z
CLUSTER-9D13ADEF1E509D68,CAP-7AF5F3CAE976,Ndsp Nowpayments,API_ENDPOINT,backend/ndsp_nowpayments.cjs,true,true,ON_MAIN,DISCOVERY_REQUIRED,POST /WEBHOOKS/NOWPAYMENTS,HTTP_API|JSON|POSTGRES,REAL_LIVE,CALCULATED_REAL,"Trial, plans, and billing",TRIAL_AND_BILLING,TrialCountdown|PlanComparison|UsageMeter|BillingStatus,USER|ADMIN,PARTIALLY_VERIFIED,RUNTIME_SERVICE_UNVERIFIED|OWNER_UNASSIGNED,0,,true,REQUIRED,2026-07-31T20:18:20Z
CLUSTER-9EC582F4151E97EC,CAP-3CFCB5B47F6B,Ndsp Api Compat Gateway,API_ENDPOINT,backend/ndsp_api_compat_gateway.cjs,true,true,ON_MAIN,ndsp-api-compat.service,GET /API/ACCOUNT/TRIAL,JSON,REAL_SNAPSHOT,CALCULATED_REAL,Platform operations and service health,PLATFORM_OPERATIONS,ServiceHealthGrid|RuntimeStatus|GatewayMonitor|BackupPanel,ADMIN,PARTIALLY_VERIFIED,OWNER_UNASSIGNED,1,CAP-B800EB18EDBC,true,REQUIRED,2026-07-31T20:18:20Z
CLUSTER-9F64828D6707F6B0,CAP-3D0167450973,Ndsp Api Compat Gateway,API_ENDPOINT,backend/ndsp_api_compat_gateway.cjs,true,true,ON_MAIN,ndsp-api-compat.service,GET /API/ALERTS/STATUS,JSON,REAL_SNAPSHOT,CALCULATED_REAL,Platform operations and service health,PLATFORM_OPERATIONS,ServiceHealthGrid|RuntimeStatus|GatewayMonitor|BackupPanel,ADMIN,PARTIALLY_VERIFIED,OWNER_UNASSIGNED,1,CAP-A1DBE2356637,true,REQUIRED,2026-07-31T20:18:20Z
CLUSTER-A10391D6225F56E7,CAP-D8194AB79967,Frontend Contract,API_ENDPOINT,backend/app/api/v1/frontend_contract.py,false,true,LOCAL_ONLY,DISCOVERY_REQUIRED,POST /PAYMENTS/WEBHOOK,UNKNOWN,UNKNOWN,CALCULATED_REAL,"Trial, plans, and billing",TRIAL_AND_BILLING,TrialCountdown|PlanComparison|UsageMeter|BillingStatus,USER|ADMIN,PARTIALLY_VERIFIED,RUNTIME_SERVICE_UNVERIFIED|DATA_STATE_UNVERIFIED|OWNER_UNASSIGNED,0,,true,REQUIRED,2026-07-31T20:18:20Z
CLUSTER-A4184781CB31473F,CAP-C8C94E7A8122,Frontend Contract,API_ENDPOINT,backend/app/api/v1/frontend_contract.py,false,true,LOCAL_ONLY,DISCOVERY_REQUIRED,POST /AUTH/LOGIN,UNKNOWN,UNKNOWN,CALCULATED_REAL,Authentication and account access,AUTHENTICATION,AuthForm|TwoFactorStep|SessionStatus|RecoveryFlow,PUBLIC|AUTHENTICATED_USER,PARTIALLY_VERIFIED,RUNTIME_SERVICE_UNVERIFIED|DATA_STATE_UNVERIFIED|OWNER_UNASSIGNED,0,,true,REQUIRED,2026-07-31T20:18:20Z
CLUSTER-A8307409A045A817,CAP-98156F574B28,Risk Warnings,ALGORITHM_OR_BUSINESS_LOGIC,backend/app/support_layers/scenario/scenario_engine.py::_risk_warnings,false,true,LOCAL_ONLY,DISCOVERY_REQUIRED,DISCOVERY_REQUIRED,UNKNOWN,UNKNOWN,DISCOVERY_REQUIRED,Decision quality and risk controls,QUALITY_AND_RISK,QualityScore|RiskPanel|ConfidenceGauge|GovernanceStatus,USER|ADMIN,PARTIALLY_VERIFIED,RUNTIME_SERVICE_UNVERIFIED|API_CONTRACT_UNVERIFIED|DATA_STATE_UNVERIFIED|OWNER_UNASSIGNED,0,,true,REQUIRED,2026-07-31T20:18:20Z
CLUSTER-A84405A7F2E6BD0A,CAP-8BFCC7DDCBE0,Frontend Contract,API_ENDPOINT,backend/app/api/v1/frontend_contract.py,false,true,LOCAL_ONLY,DISCOVERY_REQUIRED,POST /ADMIN/PAYMENTS/{PAYMENT_ID}/APPROVE,UNKNOWN,UNKNOWN,CALCULATED_REAL,"Trial, plans, and billing",TRIAL_AND_BILLING,TrialCountdown|PlanComparison|UsageMeter|BillingStatus,USER|ADMIN,PARTIALLY_VERIFIED,RUNTIME_SERVICE_UNVERIFIED|DATA_STATE_UNVERIFIED|OWNER_UNASSIGNED,0,,true,REQUIRED,2026-07-31T20:18:20Z
CLUSTER-AB4D236F021BB367,CAP-3F9549B2B851,User Operational Compat,API_ENDPOINT,backend/app/api/compat/user_operational_compat.py,false,true,LOCAL_ONLY,DISCOVERY_REQUIRED,POST /API/TRIAL/REQUEST,JSON|POSTGRES,REAL_SNAPSHOT,CALCULATED_REAL,"Trial, plans, and billing",TRIAL_AND_BILLING,TrialCountdown|PlanComparison|UsageMeter|BillingStatus,USER|ADMIN,PARTIALLY_VERIFIED,RUNTIME_SERVICE_UNVERIFIED|OWNER_UNASSIGNED,0,,true,REQUIRED,2026-07-31T20:18:20Z
CLUSTER-ABFFD4E1F0B0E15D,CAP-931E56E35D55,Frontend Contract,API_ENDPOINT,backend/app/api/v1/frontend_contract.py,false,true,LOCAL_ONLY,DISCOVERY_REQUIRED,POST /ME/CHANNELS/TELEGRAM/VERIFY,UNKNOWN,UNKNOWN,CALCULATED_REAL,Alerts and delivery channels,ALERTS_AND_CHANNELS,AlertCenter|ChannelSettings|RoutingStatus|TestDelivery,USER|ADMIN,PARTIALLY_VERIFIED,RUNTIME_SERVICE_UNVERIFIED|DATA_STATE_UNVERIFIED|OWNER_UNASSIGNED,0,,true,REQUIRED,2026-07-31T20:18:20Z
CLUSTER-ADEC92F5352C095D,CAP-55015F233F5A,Frontend Contract,API_ENDPOINT,backend/app/api/v1/frontend_contract.py,false,true,LOCAL_ONLY,DISCOVERY_REQUIRED,GET /AUTH/MAGIC-LINK/VERIFY,UNKNOWN,UNKNOWN,CALCULATED_REAL,Authentication and account access,AUTHENTICATION,AuthForm|TwoFactorStep|SessionStatus|RecoveryFlow,PUBLIC|AUTHENTICATED_USER,PARTIALLY_VERIFIED,RUNTIME_SERVICE_UNVERIFIED|DATA_STATE_UNVERIFIED|OWNER_UNASSIGNED,0,,true,REQUIRED,2026-07-31T20:18:20Z
CLUSTER-AFBD9A0F516371DC,CAP-4ADB944E408B,Ndsp User Login Gateway,API_ENDPOINT,backend/auth_api/ndsp_user_login_gateway.cjs,false,true,LOCAL_ONLY,ndsp-user-login.service,POST /API/AUTH/SURVEY/RESPONSE,JSON,REAL_SNAPSHOT,CALCULATED_REAL,Platform operations and service health,PLATFORM_OPERATIONS,ServiceHealthGrid|RuntimeStatus|GatewayMonitor|BackupPanel,ADMIN,PARTIALLY_VERIFIED,OWNER_UNASSIGNED,0,,true,REQUIRED,2026-07-31T20:18:20Z
CLUSTER-B3B8D85FAFE3D708,CAP-B81607E6BCDB,Frontend Contract,API_ENDPOINT,backend/app/api/v1/frontend_contract.py,false,true,LOCAL_ONLY,DISCOVERY_REQUIRED,GET /ADMIN/HEALTH,UNKNOWN,UNKNOWN,CALCULATED_REAL,Platform operations and service health,PLATFORM_OPERATIONS,ServiceHealthGrid|RuntimeStatus|GatewayMonitor|BackupPanel,ADMIN,PARTIALLY_VERIFIED,RUNTIME_SERVICE_UNVERIFIED|DATA_STATE_UNVERIFIED|OWNER_UNASSIGNED,0,,true,REQUIRED,2026-07-31T20:18:20Z
CLUSTER-B660C1DCD7F3C77B,CAP-E4B4728311F0,Decision Quality Public,API_ENDPOINT,backend/app/api/decision_quality_public.py,false,true,LOCAL_ONLY,DISCOVERY_REQUIRED,GET /API/DECISION/QUALITY,UNKNOWN,UNKNOWN,CALCULATED_REAL,Public platform presentation,LANDING,CapabilityProof|LiveMetric|PlatformTimeline,PUBLIC,PARTIALLY_VERIFIED,RUNTIME_SERVICE_UNVERIFIED|DATA_STATE_UNVERIFIED|OWNER_UNASSIGNED,0,,true,REQUIRED,2026-07-31T20:18:20Z
CLUSTER-B8252076D7DF7FF9,CAP-E50EE9CF3FD6,User Operational Compat,API_ENDPOINT,backend/app/api/compat/user_operational_compat.py,false,true,LOCAL_ONLY,DISCOVERY_REQUIRED,POST /API/TELEGRAM/LINK/VERIFY,JSON|POSTGRES,REAL_SNAPSHOT,CALCULATED_REAL,Alerts and delivery channels,ALERTS_AND_CHANNELS,AlertCenter|ChannelSettings|RoutingStatus|TestDelivery,USER|ADMIN,PARTIALLY_VERIFIED,RUNTIME_SERVICE_UNVERIFIED|OWNER_UNASSIGNED,0,,true,REQUIRED,2026-07-31T20:18:20Z
CLUSTER-B9068B4DD1E0C3BC,CAP-F402D935EFF7,Frontend Contract,API_ENDPOINT,backend/app/api/v1/frontend_contract.py,false,true,LOCAL_ONLY,DISCOVERY_REQUIRED,GET /ADMIN/PAYMENTS,UNKNOWN,UNKNOWN,CALCULATED_REAL,"Trial, plans, and billing",TRIAL_AND_BILLING,TrialCountdown|PlanComparison|UsageMeter|BillingStatus,USER|ADMIN,PARTIALLY_VERIFIED,RUNTIME_SERVICE_UNVERIFIED|DATA_STATE_UNVERIFIED|OWNER_UNASSIGNED,0,,true,REQUIRED,2026-07-31T20:18:20Z
CLUSTER-BC5304F5A464794E,CAP-9BE0DE3ADC89,Generate Report,ALGORITHM_OR_BUSINESS_LOGIC,backend/app/support_layers/scenario/scenario_engine.py::generate_report,false,true,LOCAL_ONLY,DISCOVERY_REQUIRED,DISCOVERY_REQUIRED,UNKNOWN,UNKNOWN,DISCOVERY_REQUIRED,"Reports, analytics, and evidence",REPORTS_AND_ANALYTICS,ReportLibrary|AnalyticsChart|HistoryTable|EvidenceDrawer,USER|ADMIN,PARTIALLY_VERIFIED,RUNTIME_SERVICE_UNVERIFIED|API_CONTRACT_UNVERIFIED|DATA_STATE_UNVERIFIED|OWNER_UNASSIGNED,0,,true,REQUIRED,2026-07-31T20:18:20Z
CLUSTER-C303E36D3C1776CA,CAP-AA4ECF6DF3F8,Tdl V2 Policy Admin,API_ENDPOINT,apps/ndsp-governance-bridge/policies/admin_snapshot/tdl_v2_policy_admin.py,false,true,LOCAL_ONLY,ndsp-governance-bridge.service,POST /POLICY,UNKNOWN,UNKNOWN,CALCULATED_REAL,Decision quality and risk controls,QUALITY_AND_RISK,QualityScore|RiskPanel|ConfidenceGauge|GovernanceStatus,USER|ADMIN,PARTIALLY_VERIFIED,DATA_STATE_UNVERIFIED|OWNER_UNASSIGNED,0,,true,REQUIRED,2026-07-31T20:18:20Z
CLUSTER-C427B922BB471395,CAP-EC53447FDEFA,Telegram Routing Internal,API_ENDPOINT,backend/app/api/internal/telegram_routing_internal.py,false,true,LOCAL_ONLY,DISCOVERY_REQUIRED,GET /DEBUG-DB,JSON|POSTGRES,REAL_SNAPSHOT,CALCULATED_REAL,Alerts and delivery channels,ALERTS_AND_CHANNELS,AlertCenter|ChannelSettings|RoutingStatus|TestDelivery,USER|ADMIN,PARTIALLY_VERIFIED,RUNTIME_SERVICE_UNVERIFIED|OWNER_UNASSIGNED,0,,true,REQUIRED,2026-07-31T20:18:20Z
CLUSTER-C9D5E973D5F5F3E9,CAP-438A6D14BFBB,Auth Optional,ALGORITHM_OR_BUSINESS_LOGIC,backend/ndsp_api_compat_gateway.cjs::authOptional,true,true,ON_MAIN,ndsp-api-compat.service,GET /API/ACCOUNT/TRIAL|GET /API/ALERTS/STATUS|GET /API/MARKETS|GET /API/PACKAGES|GET /API/PAYMENTS/STATUS|GET /HEALTH,JSON,REAL_SNAPSHOT,CALCULATED_REAL,Platform operations and service health,PLATFORM_OPERATIONS,ServiceHealthGrid|RuntimeStatus|GatewayMonitor|BackupPanel,ADMIN,PARTIALLY_VERIFIED,OWNER_UNASSIGNED,3,CAP-7E1F66F717A1|CAP-A231BBA8D29D|CAP-DECAE45DE878,true,REQUIRED,2026-07-31T20:18:20Z
CLUSTER-CAAF3729109106A9,CAP-10D53C6D7918,Frontend Contract,API_ENDPOINT,backend/app/api/v1/frontend_contract.py,false,true,LOCAL_ONLY,DISCOVERY_REQUIRED,GET /ADMIN/TRIALS,UNKNOWN,UNKNOWN,CALCULATED_REAL,"Trial, plans, and billing",TRIAL_AND_BILLING,TrialCountdown|PlanComparison|UsageMeter|BillingStatus,USER|ADMIN,PARTIALLY_VERIFIED,RUNTIME_SERVICE_UNVERIFIED|DATA_STATE_UNVERIFIED|OWNER_UNASSIGNED,0,,true,REQUIRED,2026-07-31T20:18:20Z
CLUSTER-CC1E47237D1C817F,CAP-D0B86CD5E331,Frontend Contract,API_ENDPOINT,backend/app/api/v1/frontend_contract.py,false,true,LOCAL_ONLY,DISCOVERY_REQUIRED,POST /AUTH/RESET,UNKNOWN,UNKNOWN,CALCULATED_REAL,Authentication and account access,AUTHENTICATION,AuthForm|TwoFactorStep|SessionStatus|RecoveryFlow,PUBLIC|AUTHENTICATED_USER,PARTIALLY_VERIFIED,RUNTIME_SERVICE_UNVERIFIED|DATA_STATE_UNVERIFIED|OWNER_UNASSIGNED,0,,true,REQUIRED,2026-07-31T20:18:20Z
CLUSTER-D7C6C05092448016,CAP-29DCBEF0D49C,Ndsp Nowpayments,API_ENDPOINT,backend/ndsp_nowpayments.cjs,true,true,ON_MAIN,DISCOVERY_REQUIRED,POST /CHECKOUT/CREATE,HTTP_API|JSON|POSTGRES,REAL_LIVE,CALCULATED_REAL,"Trial, plans, and billing",TRIAL_AND_BILLING,TrialCountdown|PlanComparison|UsageMeter|BillingStatus,USER|ADMIN,PARTIALLY_VERIFIED,RUNTIME_SERVICE_UNVERIFIED|OWNER_UNASSIGNED,0,,true,REQUIRED,2026-07-31T20:18:20Z
CLUSTER-DA5230BF722A7C44,CAP-9F3B6AAA223B,Frontend Contract,API_ENDPOINT,backend/app/api/v1/frontend_contract.py,false,true,LOCAL_ONLY,DISCOVERY_REQUIRED,POST /ADMIN/PAYMENTS/{PAYMENT_ID}/REJECT,UNKNOWN,UNKNOWN,CALCULATED_REAL,"Trial, plans, and billing",TRIAL_AND_BILLING,TrialCountdown|PlanComparison|UsageMeter|BillingStatus,USER|ADMIN,PARTIALLY_VERIFIED,RUNTIME_SERVICE_UNVERIFIED|DATA_STATE_UNVERIFIED|OWNER_UNASSIGNED,0,,true,REQUIRED,2026-07-31T20:18:20Z
CLUSTER-DE2E5802B250D7BF,CAP-214521E6EBD1,Ndsp User Login Gateway,API_ENDPOINT,backend/ndsp_user_login_gateway.cjs,true,true,ON_MAIN,ndsp-user-login.service,POST /API/AUTH/LOGIN,JSON,REAL_SNAPSHOT,CALCULATED_REAL,Platform operations and service health,PLATFORM_OPERATIONS,ServiceHealthGrid|RuntimeStatus|GatewayMonitor|BackupPanel,ADMIN,PARTIALLY_VERIFIED,OWNER_UNASSIGNED,1,CAP-496F09F3F4BB,true,REQUIRED,2026-07-31T20:18:20Z
CLUSTER-E25552D956180A16,CAP-461745E841AB,Ndsp Trial Info,API_ENDPOINT,backend/ndsp_trial_info.cjs,true,true,ON_MAIN,DISCOVERY_REQUIRED,GET /TRIAL/INFO,JSON|POSTGRES,REAL_SNAPSHOT,CALCULATED_REAL,"Trial, plans, and billing",TRIAL_AND_BILLING,TrialCountdown|PlanComparison|UsageMeter|BillingStatus,USER|ADMIN,PARTIALLY_VERIFIED,RUNTIME_SERVICE_UNVERIFIED|OWNER_UNASSIGNED,0,,true,REQUIRED,2026-07-31T20:18:20Z
CLUSTER-E488ABB058037AED,CAP-862CD297F1FD,Frontend Contract,API_ENDPOINT,backend/app/api/v1/frontend_contract.py,false,true,LOCAL_ONLY,DISCOVERY_REQUIRED,POST /AUTH/FORGOT,UNKNOWN,UNKNOWN,CALCULATED_REAL,Authentication and account access,AUTHENTICATION,AuthForm|TwoFactorStep|SessionStatus|RecoveryFlow,PUBLIC|AUTHENTICATED_USER,PARTIALLY_VERIFIED,RUNTIME_SERVICE_UNVERIFIED|DATA_STATE_UNVERIFIED|OWNER_UNASSIGNED,0,,true,REQUIRED,2026-07-31T20:18:20Z
CLUSTER-E6F3B9DC23FA980C,CAP-6565FE804AF5,Ndsp User Login Gateway,API_ENDPOINT,backend/ndsp_user_login_gateway.cjs,true,true,ON_MAIN,ndsp-user-login.service,POST /API/AUTH/2FA/LOGIN/VERIFY,JSON,REAL_SNAPSHOT,CALCULATED_REAL,Authentication and account access,AUTHENTICATION,AuthForm|TwoFactorStep|SessionStatus|RecoveryFlow,PUBLIC|AUTHENTICATED_USER,PARTIALLY_VERIFIED,OWNER_UNASSIGNED,1,CAP-A810F8810A25,true,REQUIRED,2026-07-31T20:18:20Z
CLUSTER-E851A39B70C0258B,CAP-2ED357832A3E,Ndsp User Login Gateway,API_ENDPOINT,backend/ndsp_user_login_gateway.cjs,true,true,ON_MAIN,ndsp-user-login.service,GET /API/AUTH/SESSION,JSON,REAL_SNAPSHOT,CALCULATED_REAL,Authentication and account access,AUTHENTICATION,AuthForm|TwoFactorStep|SessionStatus|RecoveryFlow,PUBLIC|AUTHENTICATED_USER,PARTIALLY_VERIFIED,OWNER_UNASSIGNED,2,CAP-3F820FC0AC86|CAP-E73BB362CCA6,true,REQUIRED,2026-07-31T20:18:20Z
CLUSTER-E95A56A8E3519D6A,CAP-2D0CFB1BC505,Ndsp User Login Gateway,API_ENDPOINT,backend/ndsp_user_login_gateway.cjs,true,true,ON_MAIN,ndsp-user-login.service,GET /API/AUTH/2FA/STATUS,JSON,REAL_SNAPSHOT,CALCULATED_REAL,Platform operations and service health,PLATFORM_OPERATIONS,ServiceHealthGrid|RuntimeStatus|GatewayMonitor|BackupPanel,ADMIN,PARTIALLY_VERIFIED,OWNER_UNASSIGNED,1,CAP-3B516BFCFA39,true,REQUIRED,2026-07-31T20:18:20Z
CLUSTER-EDC8A6285AD42668,CAP-15C56B60B4B0,Ndsp User Login Gateway,API_ENDPOINT,backend/ndsp_user_login_gateway.cjs,true,true,ON_MAIN,ndsp-user-login.service,POST /API/AUTH/LOGOUT,JSON,REAL_SNAPSHOT,CALCULATED_REAL,Platform operations and service health,PLATFORM_OPERATIONS,ServiceHealthGrid|RuntimeStatus|GatewayMonitor|BackupPanel,ADMIN,PARTIALLY_VERIFIED,OWNER_UNASSIGNED,1,CAP-1AF6F47DC3CE,true,REQUIRED,2026-07-31T20:18:20Z
CLUSTER-F3A2BBEC8AF03293,CAP-8BCDCDA9FCED,Frontend Contract,API_ENDPOINT,backend/app/api/v1/frontend_contract.py,false,true,LOCAL_ONLY,DISCOVERY_REQUIRED,GET /ME/ALERT-PREFS,UNKNOWN,UNKNOWN,CALCULATED_REAL,Alerts and delivery channels,ALERTS_AND_CHANNELS,AlertCenter|ChannelSettings|RoutingStatus|TestDelivery,USER|ADMIN,PARTIALLY_VERIFIED,RUNTIME_SERVICE_UNVERIFIED|DATA_STATE_UNVERIFIED|OWNER_UNASSIGNED,0,,true,REQUIRED,2026-07-31T20:18:20Z
CLUSTER-F62343BD134E1900,CAP-A61CF5BBAA01,Ndsp Admin Ui Proxy,API_ENDPOINT,backend/ndsp_admin_ui_proxy.cjs,true,true,ON_MAIN,ndsp-admin-ui-proxy.service,POST /API/ADMIN-UI/ALERTS/CHANNEL,JSON,REAL_SNAPSHOT,CALCULATED_REAL,Alerts and delivery channels,ALERTS_AND_CHANNELS,AlertCenter|ChannelSettings|RoutingStatus|TestDelivery,USER|ADMIN,PARTIALLY_VERIFIED,OWNER_UNASSIGNED,1,CAP-F1EB25BD9898,true,REQUIRED,2026-07-31T20:18:20Z
CLUSTER-F6326AB20CA7039F,CAP-622CD214F034,Ndsp Admin Ui Proxy,API_ENDPOINT,backend/ndsp_admin_ui_proxy.cjs,true,true,ON_MAIN,ndsp-admin-ui-proxy.service,GET /API/ADMIN-UI/BACKUPS,JSON,REAL_SNAPSHOT,CALCULATED_REAL,Platform operations and service health,PLATFORM_OPERATIONS,ServiceHealthGrid|RuntimeStatus|GatewayMonitor|BackupPanel,ADMIN,PARTIALLY_VERIFIED,OWNER_UNASSIGNED,1,CAP-0D4E2C940F8F,true,REQUIRED,2026-07-31T20:18:20Z
CLUSTER-F9493910881613CF,CAP-F0AA44F7E81A,Frontend Contract,API_ENDPOINT,backend/app/api/v1/frontend_contract.py,false,true,LOCAL_ONLY,DISCOVERY_REQUIRED,PUT /ME/ALERT-PREFS,UNKNOWN,UNKNOWN,CALCULATED_REAL,Alerts and delivery channels,ALERTS_AND_CHANNELS,AlertCenter|ChannelSettings|RoutingStatus|TestDelivery,USER|ADMIN,PARTIALLY_VERIFIED,RUNTIME_SERVICE_UNVERIFIED|DATA_STATE_UNVERIFIED|OWNER_UNASSIGNED,0,,true,REQUIRED,2026-07-31T20:18:20Z
CLUSTER-FBE574887ED479BC,CAP-C514A0947E28,Frontend Contract,API_ENDPOINT,backend/app/api/v1/frontend_contract.py,false,true,LOCAL_ONLY,DISCOVERY_REQUIRED,GET /ME/SUBSCRIPTION,UNKNOWN,UNKNOWN,CALCULATED_REAL,"Trial, plans, and billing",TRIAL_AND_BILLING,TrialCountdown|PlanComparison|UsageMeter|BillingStatus,USER|ADMIN,PARTIALLY_VERIFIED,RUNTIME_SERVICE_UNVERIFIED|DATA_STATE_UNVERIFIED|OWNER_UNASSIGNED,0,,true,REQUIRED,2026-07-31T20:18:20Z
CLUSTER-FDBEF33E2C765F1C,CAP-AD97D3157EBD,Ndsp User Portal Final Experience V1 One Script,API_ENDPOINT,NDSP_USER_PORTAL_FINAL_EXPERIENCE_V1_ONE_SCRIPT.sh,false,true,UNTRACKED,DISCOVERY_REQUIRED,POST /API/USER/SURVEY,HTTP_API|JSON|POSTGRES,REAL_LIVE,CALCULATED_REAL,Admin user management,ADMIN_USERS,UsersTable|UserDetailDrawer|RoleBadge|EntitlementPanel,ADMIN,PARTIALLY_VERIFIED,RUNTIME_SERVICE_UNVERIFIED|OWNER_UNASSIGNED,0,,true,REQUIRED,2026-07-31T20:18:20Z
CLUSTER-FDFBE9985B5F63E6,CAP-235EF538DEF9,Auth Reset,ALGORITHM_OR_BUSINESS_LOGIC,backend/app/api/v1/frontend_contract.py::auth_reset,false,true,LOCAL_ONLY,DISCOVERY_REQUIRED,DELETE /ME/WATCHLIST/{ASSET_ID}|GET /ACCOUNT/TRIAL|GET /ADMIN/HEALTH|GET /ADMIN/LAYERS|GET /ADMIN/PAYMENTS|GET /ADMIN/REGISTRATIONS|GET /ADMIN/TRIALS|GET /ASSETS|GET /ASSETS/{ASSET_ID}/CHART|GET /ASSETS/{ASSET_ID}/DECISION|GET /AUTH/MAGIC-LINK/VERIFY|GET /BRIEF/TODAY|GET /CONTRACT/STATUS|GET /MARKETS|GET /ME/ALERT-PREFS|GET /ME/DASHBOARD|GET /ME/ENTITLEMENTS|GET /ME/SUBSCRIPTION|GET /ME/WATCHLIST|GET /PACKAGES|POST /ACCOUNT/ACTIVATE|POST /ADMIN/PAYMENTS/{PAYMENT_ID}/APPROVE|POST /ADMIN/PAYMENTS/{PAYMENT_ID}/REJECT|POST /ADMIN/REGISTRATIONS/{REGISTRATION_ID}/DECISION|POST /AUTH/2FA/VERIFY|POST /AUTH/FORGOT|POST /AUTH/LOGIN|POST /AUTH/MAGIC-LINK|POST /AUTH/REGISTER|POST /AUTH/RESET|POST /ME/CHANNELS/EMAIL/TEST|POST /ME/CHANNELS/TELEGRAM/LINK|POST /ME/CHANNELS/TELEGRAM/VERIFY|POST /ME/WATCHLIST|POST /PAYMENTS/CHECKOUT|POST /PAYMENTS/WEBHOOK|PUT /ME/ALERT-PREFS,UNKNOWN,UNKNOWN,DISCOVERY_REQUIRED,Authentication and account access,AUTHENTICATION,AuthForm|TwoFactorStep|SessionStatus|RecoveryFlow,PUBLIC|AUTHENTICATED_USER,PARTIALLY_VERIFIED,RUNTIME_SERVICE_UNVERIFIED|DATA_STATE_UNVERIFIED|OWNER_UNASSIGNED,21,CAP-367A94FB6D59|CAP-38A2585A38E0|CAP-3FBDCF7CE0E5|CAP-531AC9AE3E7D|CAP-538062400EBA|CAP-606E55E95DA2|CAP-63C8FEAE8B5B|CAP-6B7418516628|CAP-75CF22E0AFA6|CAP-798893D4D6E0|CAP-81A7994FF55D|CAP-8CF3F7EFFA7B|CAP-968B626DE9C3|CAP-A069C614B1B1|CAP-B742DDE3B851|CAP-BE68902B1F61|CAP-D2D57F714E79|CAP-DA1498962CCC|CAP-E739D717BE35|CAP-ED7AC36DD2F2|CAP-F8EDAA44375A,true,REQUIRED,2026-07-31T20:18:20Z
CLUSTER-FFA7F6F8B9033F4B,CAP-DBE4CDD3AB94,Ndsp Nowpayments,API_ENDPOINT,backend/ndsp_nowpayments.cjs,true,true,ON_MAIN,DISCOVERY_REQUIRED,GET /NOWPAYMENTS/HEALTH,HTTP_API|JSON|POSTGRES,REAL_LIVE,CALCULATED_REAL,"Trial, plans, and billing",TRIAL_AND_BILLING,TrialCountdown|PlanComparison|UsageMeter|BillingStatus,USER|ADMIN,PARTIALLY_VERIFIED,RUNTIME_SERVICE_UNVERIFIED|OWNER_UNASSIGNED,0,,true,REQUIRED,2026-07-31T20:18:20Z
