capability_id,capability_name,semantic_cluster_id,gap_type,priority,recommended_screen,recommended_feature,source_or_algorithm,source_location,remediation_status,remediation_value,evidence_type,evidence_detail,confidence,human_confirmation_required,ui_complete
CAP-235EF538DEF9,Auth Reset,CLUSTER-FDFBE9985B5F63E6,DATA_STATE_UNVERIFIED,P0_CRITICAL,AUTHENTICATION,Authentication and account access,backend/app/api/v1/frontend_contract.py::auth_reset,LOCAL_ONLY_OR_MODIFIED,UNRESOLVED,,,,LOW,true,false
CAP-A5C181808EF6,Frontend Contract,CLUSTER-0AFD7CA382703AB5,DATA_STATE_UNVERIFIED,P0_CRITICAL,AUTHENTICATION,Authentication and account access,backend/app/api/v1/frontend_contract.py,LOCAL_ONLY_OR_MODIFIED,UNRESOLVED,,,,LOW,true,false
CAP-2CD69A7EA838,Frontend Contract,CLUSTER-3B2D0C744090CBFD,DATA_STATE_UNVERIFIED,P0_CRITICAL,AUTHENTICATION,Authentication and account access,backend/app/api/v1/frontend_contract.py,LOCAL_ONLY_OR_MODIFIED,UNRESOLVED,,,,LOW,true,false
CAP-1736E39D1CE4,Frontend Contract,CLUSTER-40EAC1E50F40B29A,DATA_STATE_UNVERIFIED,P0_CRITICAL,AUTHENTICATION,Authentication and account access,backend/app/api/v1/frontend_contract.py,LOCAL_ONLY_OR_MODIFIED,UNRESOLVED,,,,LOW,true,false
CAP-C8C94E7A8122,Frontend Contract,CLUSTER-A4184781CB31473F,DATA_STATE_UNVERIFIED,P0_CRITICAL,AUTHENTICATION,Authentication and account access,backend/app/api/v1/frontend_contract.py,LOCAL_ONLY_OR_MODIFIED,UNRESOLVED,,,,LOW,true,false
CAP-55015F233F5A,Frontend Contract,CLUSTER-ADEC92F5352C095D,DATA_STATE_UNVERIFIED,P0_CRITICAL,AUTHENTICATION,Authentication and account access,backend/app/api/v1/frontend_contract.py,LOCAL_ONLY_OR_MODIFIED,UNRESOLVED,,,,LOW,true,false
CAP-D0B86CD5E331,Frontend Contract,CLUSTER-CC1E47237D1C817F,DATA_STATE_UNVERIFIED,P0_CRITICAL,AUTHENTICATION,Authentication and account access,backend/app/api/v1/frontend_contract.py,LOCAL_ONLY_OR_MODIFIED,UNRESOLVED,,,,LOW,true,false
CAP-862CD297F1FD,Frontend Contract,CLUSTER-E488ABB058037AED,DATA_STATE_UNVERIFIED,P0_CRITICAL,AUTHENTICATION,Authentication and account access,backend/app/api/v1/frontend_contract.py,LOCAL_ONLY_OR_MODIFIED,UNRESOLVED,,,,LOW,true,false
CAP-2B9AC68DB1D6,Assert No Decision Mutation,CLUSTER-4667012B1A9E34A8,API_CONTRACT_UNVERIFIED,P0_CRITICAL,DECISION_ROOM,Decision intelligence workspace,backend/app/support_layers/scenario/scenario_engine.py::assert_no_decision_mutation,LOCAL_ONLY_OR_MODIFIED,UNRESOLVED,,,,LOW,true,false
CAP-2B9AC68DB1D6,Assert No Decision Mutation,CLUSTER-4667012B1A9E34A8,DATA_STATE_UNVERIFIED,P0_CRITICAL,DECISION_ROOM,Decision intelligence workspace,backend/app/support_layers/scenario/scenario_engine.py::assert_no_decision_mutation,LOCAL_ONLY_OR_MODIFIED,UNRESOLVED,,,,LOW,true,false
CAP-6F83F74440AE,Frontend Contract,CLUSTER-566579A5139ED492,DATA_STATE_UNVERIFIED,P0_CRITICAL,DECISION_ROOM,Decision intelligence workspace,backend/app/api/v1/frontend_contract.py,LOCAL_ONLY_OR_MODIFIED,UNRESOLVED,,,,LOW,true,false
CAP-3965B46743DE,Frontend Contract,CLUSTER-64C310B6EDCD42B4,DATA_STATE_UNVERIFIED,P0_CRITICAL,DECISION_ROOM,Decision intelligence workspace,backend/app/api/v1/frontend_contract.py,LOCAL_ONLY_OR_MODIFIED,UNRESOLVED,,,,LOW,true,false
CAP-7A9637DD3A75,Frontend Contract,CLUSTER-456F5C0D6EEA8305,DATA_STATE_UNVERIFIED,P0_CRITICAL,MARKET_INTELLIGENCE,Market and economic intelligence,backend/app/api/v1/frontend_contract.py,LOCAL_ONLY_OR_MODIFIED,UNRESOLVED,,,,LOW,true,false
CAP-935E1E26D22F,Dqsrisk State,CLUSTER-075A9C033639FAC0,API_CONTRACT_UNVERIFIED,P0_CRITICAL,QUALITY_AND_RISK,Decision quality and risk controls,backend/app/support_layers/quality/decision_quality_stack.py::DQSRiskState,LOCAL_ONLY_OR_MODIFIED,UNRESOLVED,,,,LOW,true,false
CAP-B89CF4208B10,Grade From Score,CLUSTER-0412272E609423D6,API_CONTRACT_UNVERIFIED,P0_CRITICAL,QUALITY_AND_RISK,Decision quality and risk controls,backend/app/support_layers/quality/decision_quality_stack.py::_grade_from_score,LOCAL_ONLY_OR_MODIFIED,UNRESOLVED,,,,LOW,true,false
CAP-3A5ED3DB0C0D,Risk Label,CLUSTER-23D620B64D4FFE61,API_CONTRACT_UNVERIFIED,P0_CRITICAL,QUALITY_AND_RISK,Decision quality and risk controls,backend/app/support_layers/scenario/scenario_engine.py::_risk_label,LOCAL_ONLY_OR_MODIFIED,UNRESOLVED,,,,LOW,true,false
CAP-98156F574B28,Risk Warnings,CLUSTER-A8307409A045A817,API_CONTRACT_UNVERIFIED,P0_CRITICAL,QUALITY_AND_RISK,Decision quality and risk controls,backend/app/support_layers/scenario/scenario_engine.py::_risk_warnings,LOCAL_ONLY_OR_MODIFIED,UNRESOLVED,,,,LOW,true,false
CAP-935E1E26D22F,Dqsrisk State,CLUSTER-075A9C033639FAC0,DATA_STATE_UNVERIFIED,P0_CRITICAL,QUALITY_AND_RISK,Decision quality and risk controls,backend/app/support_layers/quality/decision_quality_stack.py::DQSRiskState,LOCAL_ONLY_OR_MODIFIED,UNRESOLVED,,,,LOW,true,false
CAP-F6B5F7A0A680,Frontend Fields Api,CLUSTER-4AE80B870122ACCA,DATA_STATE_UNVERIFIED,P0_CRITICAL,QUALITY_AND_RISK,Decision quality and risk controls,backend/app/ndsp_governance/frontend_fields_api.py,LOCAL_ONLY_OR_MODIFIED,UNRESOLVED,,,,LOW,true,false
CAP-B89CF4208B10,Grade From Score,CLUSTER-0412272E609423D6,DATA_STATE_UNVERIFIED,P0_CRITICAL,QUALITY_AND_RISK,Decision quality and risk controls,backend/app/support_layers/quality/decision_quality_stack.py::_grade_from_score,LOCAL_ONLY_OR_MODIFIED,UNRESOLVED,,,,LOW,true,false
CAP-3A5ED3DB0C0D,Risk Label,CLUSTER-23D620B64D4FFE61,DATA_STATE_UNVERIFIED,P0_CRITICAL,QUALITY_AND_RISK,Decision quality and risk controls,backend/app/support_layers/scenario/scenario_engine.py::_risk_label,LOCAL_ONLY_OR_MODIFIED,UNRESOLVED,,,,LOW,true,false
CAP-98156F574B28,Risk Warnings,CLUSTER-A8307409A045A817,DATA_STATE_UNVERIFIED,P0_CRITICAL,QUALITY_AND_RISK,Decision quality and risk controls,backend/app/support_layers/scenario/scenario_engine.py::_risk_warnings,LOCAL_ONLY_OR_MODIFIED,UNRESOLVED,,,,LOW,true,false
CAP-C84121300635,Tdl V2 Policy Admin,CLUSTER-5B9DAFE475C08AEA,DATA_STATE_UNVERIFIED,P0_CRITICAL,QUALITY_AND_RISK,Decision quality and risk controls,apps/ndsp-governance-bridge/policies/admin_snapshot/tdl_v2_policy_admin.py,LOCAL_ONLY_OR_MODIFIED,UNRESOLVED,,,,LOW,true,false
CAP-4FF90CCC6DFE,Tdl V2 Policy Admin,CLUSTER-7F849E4490C35BB1,DATA_STATE_UNVERIFIED,P0_CRITICAL,QUALITY_AND_RISK,Decision quality and risk controls,apps/ndsp-governance-bridge/policies/admin_snapshot/tdl_v2_policy_admin.py,LOCAL_ONLY_OR_MODIFIED,UNRESOLVED,,,,LOW,true,false
CAP-93DD0F3859D4,Tdl V2 Policy Admin,CLUSTER-93E3BBEA8F0A76F6,DATA_STATE_UNVERIFIED,P0_CRITICAL,QUALITY_AND_RISK,Decision quality and risk controls,apps/ndsp-governance-bridge/policies/admin_snapshot/tdl_v2_policy_admin.py,LOCAL_ONLY_OR_MODIFIED,UNRESOLVED,,,,LOW,true,false
CAP-8A9DD9B6E7D5,Tdl V2 Policy Admin,CLUSTER-97466F763D9BD9E5,DATA_STATE_UNVERIFIED,P0_CRITICAL,QUALITY_AND_RISK,Decision quality and risk controls,apps/ndsp-governance-bridge/policies/admin_snapshot/tdl_v2_policy_admin.py,LOCAL_ONLY_OR_MODIFIED,UNRESOLVED,,,,LOW,true,false
CAP-AA4ECF6DF3F8,Tdl V2 Policy Admin,CLUSTER-C303E36D3C1776CA,DATA_STATE_UNVERIFIED,P0_CRITICAL,QUALITY_AND_RISK,Decision quality and risk controls,apps/ndsp-governance-bridge/policies/admin_snapshot/tdl_v2_policy_admin.py,LOCAL_ONLY_OR_MODIFIED,UNRESOLVED,,,,LOW,true,false
CAP-C250957D114F,Frontend Contract,CLUSTER-0AB1FDCBBD5FA5E8,DATA_STATE_UNVERIFIED,P0_CRITICAL,TRIAL_AND_BILLING,"Trial, plans, and billing",backend/app/api/v1/frontend_contract.py,LOCAL_ONLY_OR_MODIFIED,UNRESOLVED,,,,LOW,true,false
CAP-BD19C45FECD0,Frontend Contract,CLUSTER-75F9D184F9AFE542,DATA_STATE_UNVERIFIED,P0_CRITICAL,TRIAL_AND_BILLING,"Trial, plans, and billing",backend/app/api/v1/frontend_contract.py,LOCAL_ONLY_OR_MODIFIED,UNRESOLVED,,,,LOW,true,false
CAP-D8194AB79967,Frontend Contract,CLUSTER-A10391D6225F56E7,DATA_STATE_UNVERIFIED,P0_CRITICAL,TRIAL_AND_BILLING,"Trial, plans, and billing",backend/app/api/v1/frontend_contract.py,LOCAL_ONLY_OR_MODIFIED,UNRESOLVED,,,,LOW,true,false
CAP-8BFCC7DDCBE0,Frontend Contract,CLUSTER-A84405A7F2E6BD0A,DATA_STATE_UNVERIFIED,P0_CRITICAL,TRIAL_AND_BILLING,"Trial, plans, and billing",backend/app/api/v1/frontend_contract.py,LOCAL_ONLY_OR_MODIFIED,UNRESOLVED,,,,LOW,true,false
CAP-F402D935EFF7,Frontend Contract,CLUSTER-B9068B4DD1E0C3BC,DATA_STATE_UNVERIFIED,P0_CRITICAL,TRIAL_AND_BILLING,"Trial, plans, and billing",backend/app/api/v1/frontend_contract.py,LOCAL_ONLY_OR_MODIFIED,UNRESOLVED,,,,LOW,true,false
CAP-10D53C6D7918,Frontend Contract,CLUSTER-CAAF3729109106A9,DATA_STATE_UNVERIFIED,P0_CRITICAL,TRIAL_AND_BILLING,"Trial, plans, and billing",backend/app/api/v1/frontend_contract.py,LOCAL_ONLY_OR_MODIFIED,UNRESOLVED,,,,LOW,true,false
CAP-9F3B6AAA223B,Frontend Contract,CLUSTER-DA5230BF722A7C44,DATA_STATE_UNVERIFIED,P0_CRITICAL,TRIAL_AND_BILLING,"Trial, plans, and billing",backend/app/api/v1/frontend_contract.py,LOCAL_ONLY_OR_MODIFIED,UNRESOLVED,,,,LOW,true,false
CAP-C514A0947E28,Frontend Contract,CLUSTER-FBE574887ED479BC,DATA_STATE_UNVERIFIED,P0_CRITICAL,TRIAL_AND_BILLING,"Trial, plans, and billing",backend/app/api/v1/frontend_contract.py,LOCAL_ONLY_OR_MODIFIED,UNRESOLVED,,,,LOW,true,false
CAP-F150D0BAA604,Frontend Contract,CLUSTER-2BF08E118E2502DD,DATA_STATE_UNVERIFIED,P1_HIGH,ADMIN_USERS,Admin user management,backend/app/api/v1/frontend_contract.py,LOCAL_ONLY_OR_MODIFIED,UNRESOLVED,,,,LOW,true,false
CAP-E9D779AE5200,Frontend Contract,CLUSTER-439BB6D39BC81D2B,DATA_STATE_UNVERIFIED,P1_HIGH,ADMIN_USERS,Admin user management,backend/app/api/v1/frontend_contract.py,LOCAL_ONLY_OR_MODIFIED,UNRESOLVED,,,,LOW,true,false
CAP-071618E88E83,Frontend Contract,CLUSTER-8E2FC46606546F23,DATA_STATE_UNVERIFIED,P1_HIGH,ADMIN_USERS,Admin user management,backend/app/api/v1/frontend_contract.py,LOCAL_ONLY_OR_MODIFIED,UNRESOLVED,,,,LOW,true,false
CAP-0CE111E47411,Frontend Contract,CLUSTER-328257E93FCC054C,DATA_STATE_UNVERIFIED,P1_HIGH,ALERTS_AND_CHANNELS,Alerts and delivery channels,backend/app/api/v1/frontend_contract.py,LOCAL_ONLY_OR_MODIFIED,UNRESOLVED,,,,LOW,true,false
CAP-538A80545E29,Frontend Contract,CLUSTER-67635868736B0665,DATA_STATE_UNVERIFIED,P1_HIGH,ALERTS_AND_CHANNELS,Alerts and delivery channels,backend/app/api/v1/frontend_contract.py,LOCAL_ONLY_OR_MODIFIED,UNRESOLVED,,,,LOW,true,false
CAP-931E56E35D55,Frontend Contract,CLUSTER-ABFFD4E1F0B0E15D,DATA_STATE_UNVERIFIED,P1_HIGH,ALERTS_AND_CHANNELS,Alerts and delivery channels,backend/app/api/v1/frontend_contract.py,LOCAL_ONLY_OR_MODIFIED,UNRESOLVED,,,,LOW,true,false
CAP-8BCDCDA9FCED,Frontend Contract,CLUSTER-F3A2BBEC8AF03293,DATA_STATE_UNVERIFIED,P1_HIGH,ALERTS_AND_CHANNELS,Alerts and delivery channels,backend/app/api/v1/frontend_contract.py,LOCAL_ONLY_OR_MODIFIED,UNRESOLVED,,,,LOW,true,false
CAP-F0AA44F7E81A,Frontend Contract,CLUSTER-F9493910881613CF,DATA_STATE_UNVERIFIED,P1_HIGH,ALERTS_AND_CHANNELS,Alerts and delivery channels,backend/app/api/v1/frontend_contract.py,LOCAL_ONLY_OR_MODIFIED,UNRESOLVED,,,,LOW,true,false
CAP-235EF538DEF9,Auth Reset,CLUSTER-FDFBE9985B5F63E6,RUNTIME_SERVICE_UNVERIFIED,P1_HIGH,AUTHENTICATION,Authentication and account access,backend/app/api/v1/frontend_contract.py::auth_reset,LOCAL_ONLY_OR_MODIFIED,AMBIGUOUS_EVIDENCE,,SYSTEMD_RUNTIME_MATCH,AMBIGUOUS_RUNTIME_MATCH,LOW,true,false
CAP-A5C181808EF6,Frontend Contract,CLUSTER-0AFD7CA382703AB5,RUNTIME_SERVICE_UNVERIFIED,P1_HIGH,AUTHENTICATION,Authentication and account access,backend/app/api/v1/frontend_contract.py,LOCAL_ONLY_OR_MODIFIED,AMBIGUOUS_EVIDENCE,,SYSTEMD_RUNTIME_MATCH,AMBIGUOUS_RUNTIME_MATCH,LOW,true,false
CAP-2CD69A7EA838,Frontend Contract,CLUSTER-3B2D0C744090CBFD,RUNTIME_SERVICE_UNVERIFIED,P1_HIGH,AUTHENTICATION,Authentication and account access,backend/app/api/v1/frontend_contract.py,LOCAL_ONLY_OR_MODIFIED,AMBIGUOUS_EVIDENCE,,SYSTEMD_RUNTIME_MATCH,AMBIGUOUS_RUNTIME_MATCH,LOW,true,false
CAP-1736E39D1CE4,Frontend Contract,CLUSTER-40EAC1E50F40B29A,RUNTIME_SERVICE_UNVERIFIED,P1_HIGH,AUTHENTICATION,Authentication and account access,backend/app/api/v1/frontend_contract.py,LOCAL_ONLY_OR_MODIFIED,AMBIGUOUS_EVIDENCE,,SYSTEMD_RUNTIME_MATCH,AMBIGUOUS_RUNTIME_MATCH,LOW,true,false
CAP-C8C94E7A8122,Frontend Contract,CLUSTER-A4184781CB31473F,RUNTIME_SERVICE_UNVERIFIED,P1_HIGH,AUTHENTICATION,Authentication and account access,backend/app/api/v1/frontend_contract.py,LOCAL_ONLY_OR_MODIFIED,AMBIGUOUS_EVIDENCE,,SYSTEMD_RUNTIME_MATCH,AMBIGUOUS_RUNTIME_MATCH,LOW,true,false
CAP-55015F233F5A,Frontend Contract,CLUSTER-ADEC92F5352C095D,RUNTIME_SERVICE_UNVERIFIED,P1_HIGH,AUTHENTICATION,Authentication and account access,backend/app/api/v1/frontend_contract.py,LOCAL_ONLY_OR_MODIFIED,AMBIGUOUS_EVIDENCE,,SYSTEMD_RUNTIME_MATCH,AMBIGUOUS_RUNTIME_MATCH,LOW,true,false
CAP-D0B86CD5E331,Frontend Contract,CLUSTER-CC1E47237D1C817F,RUNTIME_SERVICE_UNVERIFIED,P1_HIGH,AUTHENTICATION,Authentication and account access,backend/app/api/v1/frontend_contract.py,LOCAL_ONLY_OR_MODIFIED,AMBIGUOUS_EVIDENCE,,SYSTEMD_RUNTIME_MATCH,AMBIGUOUS_RUNTIME_MATCH,LOW,true,false
CAP-862CD297F1FD,Frontend Contract,CLUSTER-E488ABB058037AED,RUNTIME_SERVICE_UNVERIFIED,P1_HIGH,AUTHENTICATION,Authentication and account access,backend/app/api/v1/frontend_contract.py,LOCAL_ONLY_OR_MODIFIED,AMBIGUOUS_EVIDENCE,,SYSTEMD_RUNTIME_MATCH,AMBIGUOUS_RUNTIME_MATCH,LOW,true,false
CAP-425426D4A96B,User Operational Compat,CLUSTER-32A1E3F9E77CD9AB,RUNTIME_SERVICE_UNVERIFIED,P1_HIGH,AUTHENTICATION,Authentication and account access,backend/app/api/compat/user_operational_compat.py,LOCAL_ONLY_OR_MODIFIED,AMBIGUOUS_EVIDENCE,,SYSTEMD_RUNTIME_MATCH,AMBIGUOUS_RUNTIME_MATCH,LOW,true,false
CAP-F19E055AF8D6,User Operational Compat,CLUSTER-5DBA84E9131F0BAC,RUNTIME_SERVICE_UNVERIFIED,P1_HIGH,AUTHENTICATION,Authentication and account access,backend/app/api/compat/user_operational_compat.py,LOCAL_ONLY_OR_MODIFIED,AMBIGUOUS_EVIDENCE,,SYSTEMD_RUNTIME_MATCH,AMBIGUOUS_RUNTIME_MATCH,LOW,true,false
CAP-945D34B96341,User Operational Compat,CLUSTER-9770B51137F30B8E,RUNTIME_SERVICE_UNVERIFIED,P1_HIGH,AUTHENTICATION,Authentication and account access,backend/app/api/compat/user_operational_compat.py,LOCAL_ONLY_OR_MODIFIED,AMBIGUOUS_EVIDENCE,,SYSTEMD_RUNTIME_MATCH,AMBIGUOUS_RUNTIME_MATCH,LOW,true,false
CAP-636B50FAED04,Frontend Contract,CLUSTER-0746027563B4F7CB,DATA_STATE_UNVERIFIED,P1_HIGH,CAPABILITY_REVIEW,Unclassified platform capability,backend/app/api/v1/frontend_contract.py,LOCAL_ONLY_OR_MODIFIED,UNRESOLVED,,,,LOW,true,false
CAP-D6102C7DC3C1,Frontend Contract,CLUSTER-1143EF6BAB8687CD,DATA_STATE_UNVERIFIED,P1_HIGH,CAPABILITY_REVIEW,Unclassified platform capability,backend/app/api/v1/frontend_contract.py,LOCAL_ONLY_OR_MODIFIED,UNRESOLVED,,,,LOW,true,false
CAP-4804EA150D2F,Frontend Contract,CLUSTER-1B355FCD82516B99,DATA_STATE_UNVERIFIED,P1_HIGH,CAPABILITY_REVIEW,Unclassified platform capability,backend/app/api/v1/frontend_contract.py,LOCAL_ONLY_OR_MODIFIED,UNRESOLVED,,,,LOW,true,false
CAP-C95B03AE5FFB,Frontend Contract,CLUSTER-1C0006D0FCDB7718,DATA_STATE_UNVERIFIED,P1_HIGH,CAPABILITY_REVIEW,Unclassified platform capability,backend/app/api/v1/frontend_contract.py,LOCAL_ONLY_OR_MODIFIED,UNRESOLVED,,,,LOW,true,false
CAP-11BF5E282765,Frontend Contract,CLUSTER-37970355FCCFFAB3,DATA_STATE_UNVERIFIED,P1_HIGH,CAPABILITY_REVIEW,Unclassified platform capability,backend/app/api/v1/frontend_contract.py,LOCAL_ONLY_OR_MODIFIED,UNRESOLVED,,,,LOW,true,false
CAP-FA44BA71A8B0,Frontend Contract,CLUSTER-3B0A4645F1E78920,DATA_STATE_UNVERIFIED,P1_HIGH,CAPABILITY_REVIEW,Unclassified platform capability,backend/app/api/v1/frontend_contract.py,LOCAL_ONLY_OR_MODIFIED,UNRESOLVED,,,,LOW,true,false
CAP-B167184CBF84,Frontend Contract,CLUSTER-3DB2CA2224CCB065,DATA_STATE_UNVERIFIED,P1_HIGH,CAPABILITY_REVIEW,Unclassified platform capability,backend/app/api/v1/frontend_contract.py,LOCAL_ONLY_OR_MODIFIED,UNRESOLVED,,,,LOW,true,false
CAP-A57ECAABD0D2,Frontend Contract,CLUSTER-43E988AB222E55F2,DATA_STATE_UNVERIFIED,P1_HIGH,CAPABILITY_REVIEW,Unclassified platform capability,backend/app/api/v1/frontend_contract.py,LOCAL_ONLY_OR_MODIFIED,UNRESOLVED,,,,LOW,true,false
CAP-2CC212BF4F8E,Frontend Contract,CLUSTER-56B06674577E8202,DATA_STATE_UNVERIFIED,P1_HIGH,CAPABILITY_REVIEW,Unclassified platform capability,backend/app/api/v1/frontend_contract.py,LOCAL_ONLY_OR_MODIFIED,UNRESOLVED,,,,LOW,true,false
CAP-2B9AC68DB1D6,Assert No Decision Mutation,CLUSTER-4667012B1A9E34A8,RUNTIME_SERVICE_UNVERIFIED,P1_HIGH,DECISION_ROOM,Decision intelligence workspace,backend/app/support_layers/scenario/scenario_engine.py::assert_no_decision_mutation,LOCAL_ONLY_OR_MODIFIED,EVIDENCE_FOUND_PENDING_HUMAN_CONFIRMATION,ndsp-scenario-levels-adapter.service,SYSTEMD_RUNTIME_MATCH,RUNTIME_SOURCE_MATCH:{ path=/usr/bin/node ; argv[]=/usr/bin/node /home/nawaf511/empire-core-new/backend/ndsp_scenario_levels_adapter.cjs ; ignore_errors=no ; start_time=[n/a] ; stop_time=[n/a] ; pid=0 ; code=(null) ; status=0/0 },HIGH,true,false
CAP-6F83F74440AE,Frontend Contract,CLUSTER-566579A5139ED492,RUNTIME_SERVICE_UNVERIFIED,P1_HIGH,DECISION_ROOM,Decision intelligence workspace,backend/app/api/v1/frontend_contract.py,LOCAL_ONLY_OR_MODIFIED,AMBIGUOUS_EVIDENCE,,SYSTEMD_RUNTIME_MATCH,AMBIGUOUS_RUNTIME_MATCH,LOW,true,false
CAP-3965B46743DE,Frontend Contract,CLUSTER-64C310B6EDCD42B4,RUNTIME_SERVICE_UNVERIFIED,P1_HIGH,DECISION_ROOM,Decision intelligence workspace,backend/app/api/v1/frontend_contract.py,LOCAL_ONLY_OR_MODIFIED,AMBIGUOUS_EVIDENCE,,SYSTEMD_RUNTIME_MATCH,AMBIGUOUS_RUNTIME_MATCH,LOW,true,false
CAP-E4B4728311F0,Decision Quality Public,CLUSTER-B660C1DCD7F3C77B,DATA_STATE_UNVERIFIED,P1_HIGH,LANDING,Public platform presentation,backend/app/api/decision_quality_public.py,LOCAL_ONLY_OR_MODIFIED,UNRESOLVED,,,,LOW,true,false
CAP-0622719B013B,Ndsp Public Quality Unique,CLUSTER-8DB24B3A307DBA1B,DATA_STATE_UNVERIFIED,P1_HIGH,LANDING,Public platform presentation,backend/app/api/ndsp_public_quality_unique.py,LOCAL_ONLY_OR_MODIFIED,UNRESOLVED,,,,LOW,true,false
CAP-7A9637DD3A75,Frontend Contract,CLUSTER-456F5C0D6EEA8305,RUNTIME_SERVICE_UNVERIFIED,P1_HIGH,MARKET_INTELLIGENCE,Market and economic intelligence,backend/app/api/v1/frontend_contract.py,LOCAL_ONLY_OR_MODIFIED,AMBIGUOUS_EVIDENCE,,SYSTEMD_RUNTIME_MATCH,AMBIGUOUS_RUNTIME_MATCH,LOW,true,false
CAP-A1CD5A0B9B66,Market Type For,CLUSTER-547C76FD6DEEB68F,API_CONTRACT_UNVERIFIED,P1_HIGH,PLATFORM_OPERATIONS,Platform operations and service health,backend/ndsp-live-decision-quality/asset_registry_runtime.py::market_type_for,LOCAL_ONLY_OR_MODIFIED,UNRESOLVED,,,,LOW,true,false
CAP-5B18901D1F22,Frontend Contract,CLUSTER-73EFBFAE1A55AC95,DATA_STATE_UNVERIFIED,P1_HIGH,PLATFORM_OPERATIONS,Platform operations and service health,backend/app/api/v1/frontend_contract.py,LOCAL_ONLY_OR_MODIFIED,UNRESOLVED,,,,LOW,true,false
CAP-B81607E6BCDB,Frontend Contract,CLUSTER-B3B8D85FAFE3D708,DATA_STATE_UNVERIFIED,P1_HIGH,PLATFORM_OPERATIONS,Platform operations and service health,backend/app/api/v1/frontend_contract.py,LOCAL_ONLY_OR_MODIFIED,UNRESOLVED,,,,LOW,true,false
CAP-935E1E26D22F,Dqsrisk State,CLUSTER-075A9C033639FAC0,RUNTIME_SERVICE_UNVERIFIED,P1_HIGH,QUALITY_AND_RISK,Decision quality and risk controls,backend/app/support_layers/quality/decision_quality_stack.py::DQSRiskState,LOCAL_ONLY_OR_MODIFIED,AMBIGUOUS_EVIDENCE,,SYSTEMD_RUNTIME_MATCH,AMBIGUOUS_RUNTIME_MATCH,LOW,true,false
CAP-F6B5F7A0A680,Frontend Fields Api,CLUSTER-4AE80B870122ACCA,RUNTIME_SERVICE_UNVERIFIED,P1_HIGH,QUALITY_AND_RISK,Decision quality and risk controls,backend/app/ndsp_governance/frontend_fields_api.py,LOCAL_ONLY_OR_MODIFIED,AMBIGUOUS_EVIDENCE,,SYSTEMD_RUNTIME_MATCH,AMBIGUOUS_RUNTIME_MATCH,LOW,true,false
CAP-B89CF4208B10,Grade From Score,CLUSTER-0412272E609423D6,RUNTIME_SERVICE_UNVERIFIED,P1_HIGH,QUALITY_AND_RISK,Decision quality and risk controls,backend/app/support_layers/quality/decision_quality_stack.py::_grade_from_score,LOCAL_ONLY_OR_MODIFIED,AMBIGUOUS_EVIDENCE,,SYSTEMD_RUNTIME_MATCH,AMBIGUOUS_RUNTIME_MATCH,LOW,true,false
CAP-3A5ED3DB0C0D,Risk Label,CLUSTER-23D620B64D4FFE61,RUNTIME_SERVICE_UNVERIFIED,P1_HIGH,QUALITY_AND_RISK,Decision quality and risk controls,backend/app/support_layers/scenario/scenario_engine.py::_risk_label,LOCAL_ONLY_OR_MODIFIED,EVIDENCE_FOUND_PENDING_HUMAN_CONFIRMATION,ndsp-scenario-levels-adapter.service,SYSTEMD_RUNTIME_MATCH,RUNTIME_SOURCE_MATCH:{ path=/usr/bin/node ; argv[]=/usr/bin/node /home/nawaf511/empire-core-new/backend/ndsp_scenario_levels_adapter.cjs ; ignore_errors=no ; start_time=[n/a] ; stop_time=[n/a] ; pid=0 ; code=(null) ; status=0/0 },HIGH,true,false
CAP-98156F574B28,Risk Warnings,CLUSTER-A8307409A045A817,RUNTIME_SERVICE_UNVERIFIED,P1_HIGH,QUALITY_AND_RISK,Decision quality and risk controls,backend/app/support_layers/scenario/scenario_engine.py::_risk_warnings,LOCAL_ONLY_OR_MODIFIED,EVIDENCE_FOUND_PENDING_HUMAN_CONFIRMATION,ndsp-scenario-levels-adapter.service,SYSTEMD_RUNTIME_MATCH,RUNTIME_SOURCE_MATCH:{ path=/usr/bin/node ; argv[]=/usr/bin/node /home/nawaf511/empire-core-new/backend/ndsp_scenario_levels_adapter.cjs ; ignore_errors=no ; start_time=[n/a] ; stop_time=[n/a] ; pid=0 ; code=(null) ; status=0/0 },HIGH,true,false
CAP-805630C7C819,Attach Report,CLUSTER-1A1DF77772C7862E,API_CONTRACT_UNVERIFIED,P1_HIGH,REPORTS_AND_ANALYTICS,"Reports, analytics, and evidence",backend/app/support_layers/scenario/scenario_engine.py::attach_report,LOCAL_ONLY_OR_MODIFIED,UNRESOLVED,,,,LOW,true,false
CAP-9BE0DE3ADC89,Generate Report,CLUSTER-BC5304F5A464794E,API_CONTRACT_UNVERIFIED,P1_HIGH,REPORTS_AND_ANALYTICS,"Reports, analytics, and evidence",backend/app/support_layers/scenario/scenario_engine.py::generate_report,LOCAL_ONLY_OR_MODIFIED,UNRESOLVED,,,,LOW,true,false
CAP-552A04A27A0F,Scenario Report,CLUSTER-1BD5A59391679254,API_CONTRACT_UNVERIFIED,P1_HIGH,REPORTS_AND_ANALYTICS,"Reports, analytics, and evidence",backend/app/support_layers/scenario/scenario_engine.py::ScenarioReport,LOCAL_ONLY_OR_MODIFIED,UNRESOLVED,,,,LOW,true,false
CAP-805630C7C819,Attach Report,CLUSTER-1A1DF77772C7862E,DATA_STATE_UNVERIFIED,P1_HIGH,REPORTS_AND_ANALYTICS,"Reports, analytics, and evidence",backend/app/support_layers/scenario/scenario_engine.py::attach_report,LOCAL_ONLY_OR_MODIFIED,UNRESOLVED,,,,LOW,true,false
CAP-9BE0DE3ADC89,Generate Report,CLUSTER-BC5304F5A464794E,DATA_STATE_UNVERIFIED,P1_HIGH,REPORTS_AND_ANALYTICS,"Reports, analytics, and evidence",backend/app/support_layers/scenario/scenario_engine.py::generate_report,LOCAL_ONLY_OR_MODIFIED,UNRESOLVED,,,,LOW,true,false
CAP-552A04A27A0F,Scenario Report,CLUSTER-1BD5A59391679254,DATA_STATE_UNVERIFIED,P1_HIGH,REPORTS_AND_ANALYTICS,"Reports, analytics, and evidence",backend/app/support_layers/scenario/scenario_engine.py::ScenarioReport,LOCAL_ONLY_OR_MODIFIED,UNRESOLVED,,,,LOW,true,false
CAP-70F625B28F63,Alert Prefs Post,CLUSTER-5C8A28CB4849CE41,RUNTIME_SERVICE_UNVERIFIED,P1_HIGH,TRIAL_AND_BILLING,"Trial, plans, and billing",backend/app/api/compat/user_operational_compat.py::alert_prefs_post,LOCAL_ONLY_OR_MODIFIED,AMBIGUOUS_EVIDENCE,,SYSTEMD_RUNTIME_MATCH,AMBIGUOUS_RUNTIME_MATCH,LOW,true,false
CAP-C250957D114F,Frontend Contract,CLUSTER-0AB1FDCBBD5FA5E8,RUNTIME_SERVICE_UNVERIFIED,P1_HIGH,TRIAL_AND_BILLING,"Trial, plans, and billing",backend/app/api/v1/frontend_contract.py,LOCAL_ONLY_OR_MODIFIED,AMBIGUOUS_EVIDENCE,,SYSTEMD_RUNTIME_MATCH,AMBIGUOUS_RUNTIME_MATCH,LOW,true,false
CAP-BD19C45FECD0,Frontend Contract,CLUSTER-75F9D184F9AFE542,RUNTIME_SERVICE_UNVERIFIED,P1_HIGH,TRIAL_AND_BILLING,"Trial, plans, and billing",backend/app/api/v1/frontend_contract.py,LOCAL_ONLY_OR_MODIFIED,AMBIGUOUS_EVIDENCE,,SYSTEMD_RUNTIME_MATCH,AMBIGUOUS_RUNTIME_MATCH,LOW,true,false
CAP-D8194AB79967,Frontend Contract,CLUSTER-A10391D6225F56E7,RUNTIME_SERVICE_UNVERIFIED,P1_HIGH,TRIAL_AND_BILLING,"Trial, plans, and billing",backend/app/api/v1/frontend_contract.py,LOCAL_ONLY_OR_MODIFIED,AMBIGUOUS_EVIDENCE,,SYSTEMD_RUNTIME_MATCH,AMBIGUOUS_RUNTIME_MATCH,LOW,true,false
CAP-8BFCC7DDCBE0,Frontend Contract,CLUSTER-A84405A7F2E6BD0A,RUNTIME_SERVICE_UNVERIFIED,P1_HIGH,TRIAL_AND_BILLING,"Trial, plans, and billing",backend/app/api/v1/frontend_contract.py,LOCAL_ONLY_OR_MODIFIED,AMBIGUOUS_EVIDENCE,,SYSTEMD_RUNTIME_MATCH,AMBIGUOUS_RUNTIME_MATCH,LOW,true,false
CAP-F402D935EFF7,Frontend Contract,CLUSTER-B9068B4DD1E0C3BC,RUNTIME_SERVICE_UNVERIFIED,P1_HIGH,TRIAL_AND_BILLING,"Trial, plans, and billing",backend/app/api/v1/frontend_contract.py,LOCAL_ONLY_OR_MODIFIED,AMBIGUOUS_EVIDENCE,,SYSTEMD_RUNTIME_MATCH,AMBIGUOUS_RUNTIME_MATCH,LOW,true,false
CAP-10D53C6D7918,Frontend Contract,CLUSTER-CAAF3729109106A9,RUNTIME_SERVICE_UNVERIFIED,P1_HIGH,TRIAL_AND_BILLING,"Trial, plans, and billing",backend/app/api/v1/frontend_contract.py,LOCAL_ONLY_OR_MODIFIED,AMBIGUOUS_EVIDENCE,,SYSTEMD_RUNTIME_MATCH,AMBIGUOUS_RUNTIME_MATCH,LOW,true,false
CAP-9F3B6AAA223B,Frontend Contract,CLUSTER-DA5230BF722A7C44,RUNTIME_SERVICE_UNVERIFIED,P1_HIGH,TRIAL_AND_BILLING,"Trial, plans, and billing",backend/app/api/v1/frontend_contract.py,LOCAL_ONLY_OR_MODIFIED,AMBIGUOUS_EVIDENCE,,SYSTEMD_RUNTIME_MATCH,AMBIGUOUS_RUNTIME_MATCH,LOW,true,false
CAP-C514A0947E28,Frontend Contract,CLUSTER-FBE574887ED479BC,RUNTIME_SERVICE_UNVERIFIED,P1_HIGH,TRIAL_AND_BILLING,"Trial, plans, and billing",backend/app/api/v1/frontend_contract.py,LOCAL_ONLY_OR_MODIFIED,AMBIGUOUS_EVIDENCE,,SYSTEMD_RUNTIME_MATCH,AMBIGUOUS_RUNTIME_MATCH,LOW,true,false
CAP-70C19D24087E,Ndsp Nowpayments,CLUSTER-3373CEFA77A50B27,RUNTIME_SERVICE_UNVERIFIED,P1_HIGH,TRIAL_AND_BILLING,"Trial, plans, and billing",backend/ndsp_nowpayments.cjs,ON_MAIN,AMBIGUOUS_EVIDENCE,,SYSTEMD_RUNTIME_MATCH,AMBIGUOUS_RUNTIME_MATCH,LOW,true,false
CAP-7AF5F3CAE976,Ndsp Nowpayments,CLUSTER-9D13ADEF1E509D68,RUNTIME_SERVICE_UNVERIFIED,P1_HIGH,TRIAL_AND_BILLING,"Trial, plans, and billing",backend/ndsp_nowpayments.cjs,ON_MAIN,AMBIGUOUS_EVIDENCE,,SYSTEMD_RUNTIME_MATCH,AMBIGUOUS_RUNTIME_MATCH,LOW,true,false
CAP-29DCBEF0D49C,Ndsp Nowpayments,CLUSTER-D7C6C05092448016,RUNTIME_SERVICE_UNVERIFIED,P1_HIGH,TRIAL_AND_BILLING,"Trial, plans, and billing",backend/ndsp_nowpayments.cjs,ON_MAIN,AMBIGUOUS_EVIDENCE,,SYSTEMD_RUNTIME_MATCH,AMBIGUOUS_RUNTIME_MATCH,LOW,true,false
CAP-DBE4CDD3AB94,Ndsp Nowpayments,CLUSTER-FFA7F6F8B9033F4B,RUNTIME_SERVICE_UNVERIFIED,P1_HIGH,TRIAL_AND_BILLING,"Trial, plans, and billing",backend/ndsp_nowpayments.cjs,ON_MAIN,AMBIGUOUS_EVIDENCE,,SYSTEMD_RUNTIME_MATCH,AMBIGUOUS_RUNTIME_MATCH,LOW,true,false
CAP-461745E841AB,Ndsp Trial Info,CLUSTER-E25552D956180A16,RUNTIME_SERVICE_UNVERIFIED,P1_HIGH,TRIAL_AND_BILLING,"Trial, plans, and billing",backend/ndsp_trial_info.cjs,ON_MAIN,AMBIGUOUS_EVIDENCE,,SYSTEMD_RUNTIME_MATCH,AMBIGUOUS_RUNTIME_MATCH,LOW,true,false
CAP-329C5FE62399,Nowpayments Create Alias,CLUSTER-04AE942A6CCB8C5A,RUNTIME_SERVICE_UNVERIFIED,P1_HIGH,TRIAL_AND_BILLING,"Trial, plans, and billing",backend/app/api/compat/nowpayments_create_alias.py,LOCAL_ONLY_OR_MODIFIED,AMBIGUOUS_EVIDENCE,,SYSTEMD_RUNTIME_MATCH,AMBIGUOUS_RUNTIME_MATCH,LOW,true,false
CAP-4C3B7B99A4A6,Nowpayments Create Alias,CLUSTER-3B2119F427ED870D,RUNTIME_SERVICE_UNVERIFIED,P1_HIGH,TRIAL_AND_BILLING,"Trial, plans, and billing",backend/app/api/compat/nowpayments_create_alias.py,LOCAL_ONLY_OR_MODIFIED,AMBIGUOUS_EVIDENCE,,SYSTEMD_RUNTIME_MATCH,AMBIGUOUS_RUNTIME_MATCH,LOW,true,false
CAP-033B90B3A316,Nowpayments Create Alias,CLUSTER-979F2906008108BE,RUNTIME_SERVICE_UNVERIFIED,P1_HIGH,TRIAL_AND_BILLING,"Trial, plans, and billing",backend/app/api/compat/nowpayments_create_alias.py,LOCAL_ONLY_OR_MODIFIED,AMBIGUOUS_EVIDENCE,,SYSTEMD_RUNTIME_MATCH,AMBIGUOUS_RUNTIME_MATCH,LOW,true,false
CAP-EDF3F96EC14B,User Operational Compat,CLUSTER-12CE9BAE31EA4CB2,RUNTIME_SERVICE_UNVERIFIED,P1_HIGH,TRIAL_AND_BILLING,"Trial, plans, and billing",backend/app/api/compat/user_operational_compat.py,LOCAL_ONLY_OR_MODIFIED,AMBIGUOUS_EVIDENCE,,SYSTEMD_RUNTIME_MATCH,AMBIGUOUS_RUNTIME_MATCH,LOW,true,false
CAP-9EAA6B9BF2BC,User Operational Compat,CLUSTER-5E9DA9DE4B7D094A,RUNTIME_SERVICE_UNVERIFIED,P1_HIGH,TRIAL_AND_BILLING,"Trial, plans, and billing",backend/app/api/compat/user_operational_compat.py,LOCAL_ONLY_OR_MODIFIED,AMBIGUOUS_EVIDENCE,,SYSTEMD_RUNTIME_MATCH,AMBIGUOUS_RUNTIME_MATCH,LOW,true,false
CAP-F197D783C391,User Operational Compat,CLUSTER-7845464071C28F4D,RUNTIME_SERVICE_UNVERIFIED,P1_HIGH,TRIAL_AND_BILLING,"Trial, plans, and billing",backend/app/api/compat/user_operational_compat.py,LOCAL_ONLY_OR_MODIFIED,AMBIGUOUS_EVIDENCE,,SYSTEMD_RUNTIME_MATCH,AMBIGUOUS_RUNTIME_MATCH,LOW,true,false
CAP-5F34508D1D07,User Operational Compat,CLUSTER-955B64BDFA938A5B,RUNTIME_SERVICE_UNVERIFIED,P1_HIGH,TRIAL_AND_BILLING,"Trial, plans, and billing",backend/app/api/compat/user_operational_compat.py,LOCAL_ONLY_OR_MODIFIED,AMBIGUOUS_EVIDENCE,,SYSTEMD_RUNTIME_MATCH,AMBIGUOUS_RUNTIME_MATCH,LOW,true,false
CAP-3F9549B2B851,User Operational Compat,CLUSTER-AB4D236F021BB367,RUNTIME_SERVICE_UNVERIFIED,P1_HIGH,TRIAL_AND_BILLING,"Trial, plans, and billing",backend/app/api/compat/user_operational_compat.py,LOCAL_ONLY_OR_MODIFIED,AMBIGUOUS_EVIDENCE,,SYSTEMD_RUNTIME_MATCH,AMBIGUOUS_RUNTIME_MATCH,LOW,true,false
CAP-F150D0BAA604,Frontend Contract,CLUSTER-2BF08E118E2502DD,RUNTIME_SERVICE_UNVERIFIED,P2_MEDIUM,ADMIN_USERS,Admin user management,backend/app/api/v1/frontend_contract.py,LOCAL_ONLY_OR_MODIFIED,AMBIGUOUS_EVIDENCE,,SYSTEMD_RUNTIME_MATCH,AMBIGUOUS_RUNTIME_MATCH,LOW,true,false
CAP-E9D779AE5200,Frontend Contract,CLUSTER-439BB6D39BC81D2B,RUNTIME_SERVICE_UNVERIFIED,P2_MEDIUM,ADMIN_USERS,Admin user management,backend/app/api/v1/frontend_contract.py,LOCAL_ONLY_OR_MODIFIED,AMBIGUOUS_EVIDENCE,,SYSTEMD_RUNTIME_MATCH,AMBIGUOUS_RUNTIME_MATCH,LOW,true,false
CAP-071618E88E83,Frontend Contract,CLUSTER-8E2FC46606546F23,RUNTIME_SERVICE_UNVERIFIED,P2_MEDIUM,ADMIN_USERS,Admin user management,backend/app/api/v1/frontend_contract.py,LOCAL_ONLY_OR_MODIFIED,AMBIGUOUS_EVIDENCE,,SYSTEMD_RUNTIME_MATCH,AMBIGUOUS_RUNTIME_MATCH,LOW,true,false
CAP-4B8CAC6792AE,Ndsp User Portal Final Experience V1 One Script,CLUSTER-0328C106FF332C89,RUNTIME_SERVICE_UNVERIFIED,P2_MEDIUM,ADMIN_USERS,Admin user management,NDSP_USER_PORTAL_FINAL_EXPERIENCE_V1_ONE_SCRIPT.sh,LOCAL_ONLY_OR_MODIFIED,UNRESOLVED,,,,LOW,true,false
CAP-B2ADCE8E14C1,Ndsp User Portal Final Experience V1 One Script,CLUSTER-14E241D47ACC5CBA,RUNTIME_SERVICE_UNVERIFIED,P2_MEDIUM,ADMIN_USERS,Admin user management,NDSP_USER_PORTAL_FINAL_EXPERIENCE_V1_ONE_SCRIPT.sh,LOCAL_ONLY_OR_MODIFIED,UNRESOLVED,,,,LOW,true,false
CAP-AD97D3157EBD,Ndsp User Portal Final Experience V1 One Script,CLUSTER-FDBEF33E2C765F1C,RUNTIME_SERVICE_UNVERIFIED,P2_MEDIUM,ADMIN_USERS,Admin user management,NDSP_USER_PORTAL_FINAL_EXPERIENCE_V1_ONE_SCRIPT.sh,LOCAL_ONLY_OR_MODIFIED,UNRESOLVED,,,,LOW,true,false
CAP-0CE111E47411,Frontend Contract,CLUSTER-328257E93FCC054C,RUNTIME_SERVICE_UNVERIFIED,P2_MEDIUM,ALERTS_AND_CHANNELS,Alerts and delivery channels,backend/app/api/v1/frontend_contract.py,LOCAL_ONLY_OR_MODIFIED,AMBIGUOUS_EVIDENCE,,SYSTEMD_RUNTIME_MATCH,AMBIGUOUS_RUNTIME_MATCH,LOW,true,false
CAP-538A80545E29,Frontend Contract,CLUSTER-67635868736B0665,RUNTIME_SERVICE_UNVERIFIED,P2_MEDIUM,ALERTS_AND_CHANNELS,Alerts and delivery channels,backend/app/api/v1/frontend_contract.py,LOCAL_ONLY_OR_MODIFIED,AMBIGUOUS_EVIDENCE,,SYSTEMD_RUNTIME_MATCH,AMBIGUOUS_RUNTIME_MATCH,LOW,true,false
CAP-931E56E35D55,Frontend Contract,CLUSTER-ABFFD4E1F0B0E15D,RUNTIME_SERVICE_UNVERIFIED,P2_MEDIUM,ALERTS_AND_CHANNELS,Alerts and delivery channels,backend/app/api/v1/frontend_contract.py,LOCAL_ONLY_OR_MODIFIED,AMBIGUOUS_EVIDENCE,,SYSTEMD_RUNTIME_MATCH,AMBIGUOUS_RUNTIME_MATCH,LOW,true,false
CAP-8BCDCDA9FCED,Frontend Contract,CLUSTER-F3A2BBEC8AF03293,RUNTIME_SERVICE_UNVERIFIED,P2_MEDIUM,ALERTS_AND_CHANNELS,Alerts and delivery channels,backend/app/api/v1/frontend_contract.py,LOCAL_ONLY_OR_MODIFIED,AMBIGUOUS_EVIDENCE,,SYSTEMD_RUNTIME_MATCH,AMBIGUOUS_RUNTIME_MATCH,LOW,true,false
CAP-F0AA44F7E81A,Frontend Contract,CLUSTER-F9493910881613CF,RUNTIME_SERVICE_UNVERIFIED,P2_MEDIUM,ALERTS_AND_CHANNELS,Alerts and delivery channels,backend/app/api/v1/frontend_contract.py,LOCAL_ONLY_OR_MODIFIED,AMBIGUOUS_EVIDENCE,,SYSTEMD_RUNTIME_MATCH,AMBIGUOUS_RUNTIME_MATCH,LOW,true,false
CAP-E4980A40032A,Ndsp User Portal Final Experience V1 One Script,CLUSTER-322DC710CFDB962B,RUNTIME_SERVICE_UNVERIFIED,P2_MEDIUM,ALERTS_AND_CHANNELS,Alerts and delivery channels,NDSP_USER_PORTAL_FINAL_EXPERIENCE_V1_ONE_SCRIPT.sh,LOCAL_ONLY_OR_MODIFIED,UNRESOLVED,,,,LOW,true,false
CAP-A194414E26E2,Telegram Routing Admin,CLUSTER-5E7C7AD2F1B4282A,RUNTIME_SERVICE_UNVERIFIED,P2_MEDIUM,ALERTS_AND_CHANNELS,Alerts and delivery channels,backend/app/api/admin/telegram_routing_admin.py,LOCAL_ONLY_OR_MODIFIED,AMBIGUOUS_EVIDENCE,,SYSTEMD_RUNTIME_MATCH,AMBIGUOUS_RUNTIME_MATCH,LOW,true,false
CAP-EC53447FDEFA,Telegram Routing Internal,CLUSTER-C427B922BB471395,RUNTIME_SERVICE_UNVERIFIED,P2_MEDIUM,ALERTS_AND_CHANNELS,Alerts and delivery channels,backend/app/api/internal/telegram_routing_internal.py,LOCAL_ONLY_OR_MODIFIED,AMBIGUOUS_EVIDENCE,,SYSTEMD_RUNTIME_MATCH,AMBIGUOUS_RUNTIME_MATCH,LOW,true,false
CAP-45BEE5E5B9D6,Telegram Routing V2,CLUSTER-20B55F2AD6D04BE8,RUNTIME_SERVICE_UNVERIFIED,P2_MEDIUM,ALERTS_AND_CHANNELS,Alerts and delivery channels,backend/app/api/admin/telegram_routing_v2.py,LOCAL_ONLY_OR_MODIFIED,AMBIGUOUS_EVIDENCE,,SYSTEMD_RUNTIME_MATCH,AMBIGUOUS_RUNTIME_MATCH,LOW,true,false
CAP-8CF43007F5CD,Telegram Routing V2,CLUSTER-631F0C2197AF7D5E,RUNTIME_SERVICE_UNVERIFIED,P2_MEDIUM,ALERTS_AND_CHANNELS,Alerts and delivery channels,backend/app/api/admin/telegram_routing_v2.py,LOCAL_ONLY_OR_MODIFIED,AMBIGUOUS_EVIDENCE,,SYSTEMD_RUNTIME_MATCH,AMBIGUOUS_RUNTIME_MATCH,LOW,true,false
CAP-22453668AACA,Telegram Routing V2,CLUSTER-7221689E4834C98E,RUNTIME_SERVICE_UNVERIFIED,P2_MEDIUM,ALERTS_AND_CHANNELS,Alerts and delivery channels,backend/app/api/admin/telegram_routing_v2.py,LOCAL_ONLY_OR_MODIFIED,AMBIGUOUS_EVIDENCE,,SYSTEMD_RUNTIME_MATCH,AMBIGUOUS_RUNTIME_MATCH,LOW,true,false
CAP-BC09A0EB4549,User Operational Compat,CLUSTER-192665335C34E13D,RUNTIME_SERVICE_UNVERIFIED,P2_MEDIUM,ALERTS_AND_CHANNELS,Alerts and delivery channels,backend/app/api/compat/user_operational_compat.py,LOCAL_ONLY_OR_MODIFIED,AMBIGUOUS_EVIDENCE,,SYSTEMD_RUNTIME_MATCH,AMBIGUOUS_RUNTIME_MATCH,LOW,true,false
CAP-48F24BF885D7,User Operational Compat,CLUSTER-418471406315AE70,RUNTIME_SERVICE_UNVERIFIED,P2_MEDIUM,ALERTS_AND_CHANNELS,Alerts and delivery channels,backend/app/api/compat/user_operational_compat.py,LOCAL_ONLY_OR_MODIFIED,AMBIGUOUS_EVIDENCE,,SYSTEMD_RUNTIME_MATCH,AMBIGUOUS_RUNTIME_MATCH,LOW,true,false
CAP-FAAE9703FE61,User Operational Compat,CLUSTER-5F9C10E11F6C8818,RUNTIME_SERVICE_UNVERIFIED,P2_MEDIUM,ALERTS_AND_CHANNELS,Alerts and delivery channels,backend/app/api/compat/user_operational_compat.py,LOCAL_ONLY_OR_MODIFIED,AMBIGUOUS_EVIDENCE,,SYSTEMD_RUNTIME_MATCH,AMBIGUOUS_RUNTIME_MATCH,LOW,true,false
CAP-D559FE326861,User Operational Compat,CLUSTER-7760D3ACF83E0B50,RUNTIME_SERVICE_UNVERIFIED,P2_MEDIUM,ALERTS_AND_CHANNELS,Alerts and delivery channels,backend/app/api/compat/user_operational_compat.py,LOCAL_ONLY_OR_MODIFIED,AMBIGUOUS_EVIDENCE,,SYSTEMD_RUNTIME_MATCH,AMBIGUOUS_RUNTIME_MATCH,LOW,true,false
CAP-E50EE9CF3FD6,User Operational Compat,CLUSTER-B8252076D7DF7FF9,RUNTIME_SERVICE_UNVERIFIED,P2_MEDIUM,ALERTS_AND_CHANNELS,Alerts and delivery channels,backend/app/api/compat/user_operational_compat.py,LOCAL_ONLY_OR_MODIFIED,AMBIGUOUS_EVIDENCE,,SYSTEMD_RUNTIME_MATCH,AMBIGUOUS_RUNTIME_MATCH,LOW,true,false
CAP-235EF538DEF9,Auth Reset,CLUSTER-FDFBE9985B5F63E6,OWNER_UNASSIGNED,P2_MEDIUM,AUTHENTICATION,Authentication and account access,backend/app/api/v1/frontend_contract.py::auth_reset,LOCAL_ONLY_OR_MODIFIED,UNRESOLVED,,,,LOW,true,false
CAP-A5C181808EF6,Frontend Contract,CLUSTER-0AFD7CA382703AB5,OWNER_UNASSIGNED,P2_MEDIUM,AUTHENTICATION,Authentication and account access,backend/app/api/v1/frontend_contract.py,LOCAL_ONLY_OR_MODIFIED,UNRESOLVED,,,,LOW,true,false
CAP-2CD69A7EA838,Frontend Contract,CLUSTER-3B2D0C744090CBFD,OWNER_UNASSIGNED,P2_MEDIUM,AUTHENTICATION,Authentication and account access,backend/app/api/v1/frontend_contract.py,LOCAL_ONLY_OR_MODIFIED,UNRESOLVED,,,,LOW,true,false
CAP-1736E39D1CE4,Frontend Contract,CLUSTER-40EAC1E50F40B29A,OWNER_UNASSIGNED,P2_MEDIUM,AUTHENTICATION,Authentication and account access,backend/app/api/v1/frontend_contract.py,LOCAL_ONLY_OR_MODIFIED,UNRESOLVED,,,,LOW,true,false
CAP-C8C94E7A8122,Frontend Contract,CLUSTER-A4184781CB31473F,OWNER_UNASSIGNED,P2_MEDIUM,AUTHENTICATION,Authentication and account access,backend/app/api/v1/frontend_contract.py,LOCAL_ONLY_OR_MODIFIED,UNRESOLVED,,,,LOW,true,false
CAP-55015F233F5A,Frontend Contract,CLUSTER-ADEC92F5352C095D,OWNER_UNASSIGNED,P2_MEDIUM,AUTHENTICATION,Authentication and account access,backend/app/api/v1/frontend_contract.py,LOCAL_ONLY_OR_MODIFIED,UNRESOLVED,,,,LOW,true,false
CAP-D0B86CD5E331,Frontend Contract,CLUSTER-CC1E47237D1C817F,OWNER_UNASSIGNED,P2_MEDIUM,AUTHENTICATION,Authentication and account access,backend/app/api/v1/frontend_contract.py,LOCAL_ONLY_OR_MODIFIED,UNRESOLVED,,,,LOW,true,false
CAP-862CD297F1FD,Frontend Contract,CLUSTER-E488ABB058037AED,OWNER_UNASSIGNED,P2_MEDIUM,AUTHENTICATION,Authentication and account access,backend/app/api/v1/frontend_contract.py,LOCAL_ONLY_OR_MODIFIED,UNRESOLVED,,,,LOW,true,false
CAP-D054F1321201,Ndsp User Login Gateway,CLUSTER-00830B85A41852B9,OWNER_UNASSIGNED,P2_MEDIUM,AUTHENTICATION,Authentication and account access,backend/ndsp_user_login_gateway.cjs,ON_MAIN,OWNER_CANDIDATE_FOUND_NOT_AUTHORITATIVE,nawaf511,SYSTEMD_EXECUTION_USER,ndsp-user-login.service,LOW,true,false
CAP-3B89863B2015,Ndsp User Login Gateway,CLUSTER-21D862A38B8E3867,OWNER_UNASSIGNED,P2_MEDIUM,AUTHENTICATION,Authentication and account access,backend/ndsp_user_login_gateway.cjs,ON_MAIN,OWNER_CANDIDATE_FOUND_NOT_AUTHORITATIVE,nawaf511,SYSTEMD_EXECUTION_USER,ndsp-user-login.service,LOW,true,false
CAP-C55DEBBD7CB7,Ndsp User Login Gateway,CLUSTER-25099A6E3D05D0C3,OWNER_UNASSIGNED,P2_MEDIUM,AUTHENTICATION,Authentication and account access,backend/ndsp_user_login_gateway.cjs,ON_MAIN,OWNER_CANDIDATE_FOUND_NOT_AUTHORITATIVE,nawaf511,SYSTEMD_EXECUTION_USER,ndsp-user-login.service,LOW,true,false
CAP-F139426B5341,Ndsp User Login Gateway,CLUSTER-2B8E8720210CF8DD,OWNER_UNASSIGNED,P2_MEDIUM,AUTHENTICATION,Authentication and account access,backend/ndsp_user_login_gateway.cjs,ON_MAIN,OWNER_CANDIDATE_FOUND_NOT_AUTHORITATIVE,nawaf511,SYSTEMD_EXECUTION_USER,ndsp-user-login.service,LOW,true,false
CAP-242D8324FAD9,Ndsp User Login Gateway,CLUSTER-33A3608EC2C6ABB6,OWNER_UNASSIGNED,P2_MEDIUM,AUTHENTICATION,Authentication and account access,backend/ndsp_user_login_gateway.cjs,ON_MAIN,OWNER_CANDIDATE_FOUND_NOT_AUTHORITATIVE,nawaf511,SYSTEMD_EXECUTION_USER,ndsp-user-login.service,LOW,true,false
CAP-F56AB637F669,Ndsp User Login Gateway,CLUSTER-4346E697DC6E8699,OWNER_UNASSIGNED,P2_MEDIUM,AUTHENTICATION,Authentication and account access,backend/ndsp_user_login_gateway.cjs,ON_MAIN,OWNER_CANDIDATE_FOUND_NOT_AUTHORITATIVE,nawaf511,SYSTEMD_EXECUTION_USER,ndsp-user-login.service,LOW,true,false
CAP-8F78E58E5656,Ndsp User Login Gateway,CLUSTER-7D965DF29C66CBAD,OWNER_UNASSIGNED,P2_MEDIUM,AUTHENTICATION,Authentication and account access,backend/ndsp_user_login_gateway.cjs,ON_MAIN,OWNER_CANDIDATE_FOUND_NOT_AUTHORITATIVE,nawaf511,SYSTEMD_EXECUTION_USER,ndsp-user-login.service,LOW,true,false
CAP-E6FFD507C6FA,Ndsp User Login Gateway,CLUSTER-91FDD188B6AF925D,OWNER_UNASSIGNED,P2_MEDIUM,AUTHENTICATION,Authentication and account access,backend/ndsp_user_login_gateway.cjs,ON_MAIN,OWNER_CANDIDATE_FOUND_NOT_AUTHORITATIVE,nawaf511,SYSTEMD_EXECUTION_USER,ndsp-user-login.service,LOW,true,false
CAP-6565FE804AF5,Ndsp User Login Gateway,CLUSTER-E6F3B9DC23FA980C,OWNER_UNASSIGNED,P2_MEDIUM,AUTHENTICATION,Authentication and account access,backend/ndsp_user_login_gateway.cjs,ON_MAIN,OWNER_CANDIDATE_FOUND_NOT_AUTHORITATIVE,nawaf511,SYSTEMD_EXECUTION_USER,ndsp-user-login.service,LOW,true,false
CAP-2ED357832A3E,Ndsp User Login Gateway,CLUSTER-E851A39B70C0258B,OWNER_UNASSIGNED,P2_MEDIUM,AUTHENTICATION,Authentication and account access,backend/ndsp_user_login_gateway.cjs,ON_MAIN,OWNER_CANDIDATE_FOUND_NOT_AUTHORITATIVE,nawaf511,SYSTEMD_EXECUTION_USER,ndsp-user-login.service,LOW,true,false
CAP-425426D4A96B,User Operational Compat,CLUSTER-32A1E3F9E77CD9AB,OWNER_UNASSIGNED,P2_MEDIUM,AUTHENTICATION,Authentication and account access,backend/app/api/compat/user_operational_compat.py,LOCAL_ONLY_OR_MODIFIED,UNRESOLVED,,,,LOW,true,false
CAP-F19E055AF8D6,User Operational Compat,CLUSTER-5DBA84E9131F0BAC,OWNER_UNASSIGNED,P2_MEDIUM,AUTHENTICATION,Authentication and account access,backend/app/api/compat/user_operational_compat.py,LOCAL_ONLY_OR_MODIFIED,UNRESOLVED,,,,LOW,true,false
CAP-945D34B96341,User Operational Compat,CLUSTER-9770B51137F30B8E,OWNER_UNASSIGNED,P2_MEDIUM,AUTHENTICATION,Authentication and account access,backend/app/api/compat/user_operational_compat.py,LOCAL_ONLY_OR_MODIFIED,UNRESOLVED,,,,LOW,true,false
CAP-636B50FAED04,Frontend Contract,CLUSTER-0746027563B4F7CB,RUNTIME_SERVICE_UNVERIFIED,P2_MEDIUM,CAPABILITY_REVIEW,Unclassified platform capability,backend/app/api/v1/frontend_contract.py,LOCAL_ONLY_OR_MODIFIED,AMBIGUOUS_EVIDENCE,,SYSTEMD_RUNTIME_MATCH,AMBIGUOUS_RUNTIME_MATCH,LOW,true,false
CAP-D6102C7DC3C1,Frontend Contract,CLUSTER-1143EF6BAB8687CD,RUNTIME_SERVICE_UNVERIFIED,P2_MEDIUM,CAPABILITY_REVIEW,Unclassified platform capability,backend/app/api/v1/frontend_contract.py,LOCAL_ONLY_OR_MODIFIED,AMBIGUOUS_EVIDENCE,,SYSTEMD_RUNTIME_MATCH,AMBIGUOUS_RUNTIME_MATCH,LOW,true,false
CAP-4804EA150D2F,Frontend Contract,CLUSTER-1B355FCD82516B99,RUNTIME_SERVICE_UNVERIFIED,P2_MEDIUM,CAPABILITY_REVIEW,Unclassified platform capability,backend/app/api/v1/frontend_contract.py,LOCAL_ONLY_OR_MODIFIED,AMBIGUOUS_EVIDENCE,,SYSTEMD_RUNTIME_MATCH,AMBIGUOUS_RUNTIME_MATCH,LOW,true,false
CAP-C95B03AE5FFB,Frontend Contract,CLUSTER-1C0006D0FCDB7718,RUNTIME_SERVICE_UNVERIFIED,P2_MEDIUM,CAPABILITY_REVIEW,Unclassified platform capability,backend/app/api/v1/frontend_contract.py,LOCAL_ONLY_OR_MODIFIED,AMBIGUOUS_EVIDENCE,,SYSTEMD_RUNTIME_MATCH,AMBIGUOUS_RUNTIME_MATCH,LOW,true,false
CAP-11BF5E282765,Frontend Contract,CLUSTER-37970355FCCFFAB3,RUNTIME_SERVICE_UNVERIFIED,P2_MEDIUM,CAPABILITY_REVIEW,Unclassified platform capability,backend/app/api/v1/frontend_contract.py,LOCAL_ONLY_OR_MODIFIED,AMBIGUOUS_EVIDENCE,,SYSTEMD_RUNTIME_MATCH,AMBIGUOUS_RUNTIME_MATCH,LOW,true,false
CAP-FA44BA71A8B0,Frontend Contract,CLUSTER-3B0A4645F1E78920,RUNTIME_SERVICE_UNVERIFIED,P2_MEDIUM,CAPABILITY_REVIEW,Unclassified platform capability,backend/app/api/v1/frontend_contract.py,LOCAL_ONLY_OR_MODIFIED,AMBIGUOUS_EVIDENCE,,SYSTEMD_RUNTIME_MATCH,AMBIGUOUS_RUNTIME_MATCH,LOW,true,false
CAP-B167184CBF84,Frontend Contract,CLUSTER-3DB2CA2224CCB065,RUNTIME_SERVICE_UNVERIFIED,P2_MEDIUM,CAPABILITY_REVIEW,Unclassified platform capability,backend/app/api/v1/frontend_contract.py,LOCAL_ONLY_OR_MODIFIED,AMBIGUOUS_EVIDENCE,,SYSTEMD_RUNTIME_MATCH,AMBIGUOUS_RUNTIME_MATCH,LOW,true,false
CAP-A57ECAABD0D2,Frontend Contract,CLUSTER-43E988AB222E55F2,RUNTIME_SERVICE_UNVERIFIED,P2_MEDIUM,CAPABILITY_REVIEW,Unclassified platform capability,backend/app/api/v1/frontend_contract.py,LOCAL_ONLY_OR_MODIFIED,AMBIGUOUS_EVIDENCE,,SYSTEMD_RUNTIME_MATCH,AMBIGUOUS_RUNTIME_MATCH,LOW,true,false
CAP-2CC212BF4F8E,Frontend Contract,CLUSTER-56B06674577E8202,RUNTIME_SERVICE_UNVERIFIED,P2_MEDIUM,CAPABILITY_REVIEW,Unclassified platform capability,backend/app/api/v1/frontend_contract.py,LOCAL_ONLY_OR_MODIFIED,AMBIGUOUS_EVIDENCE,,SYSTEMD_RUNTIME_MATCH,AMBIGUOUS_RUNTIME_MATCH,LOW,true,false
CAP-2B9AC68DB1D6,Assert No Decision Mutation,CLUSTER-4667012B1A9E34A8,OWNER_UNASSIGNED,P2_MEDIUM,DECISION_ROOM,Decision intelligence workspace,backend/app/support_layers/scenario/scenario_engine.py::assert_no_decision_mutation,LOCAL_ONLY_OR_MODIFIED,UNRESOLVED,,,,LOW,true,false
CAP-6F83F74440AE,Frontend Contract,CLUSTER-566579A5139ED492,OWNER_UNASSIGNED,P2_MEDIUM,DECISION_ROOM,Decision intelligence workspace,backend/app/api/v1/frontend_contract.py,LOCAL_ONLY_OR_MODIFIED,UNRESOLVED,,,,LOW,true,false
CAP-3965B46743DE,Frontend Contract,CLUSTER-64C310B6EDCD42B4,OWNER_UNASSIGNED,P2_MEDIUM,DECISION_ROOM,Decision intelligence workspace,backend/app/api/v1/frontend_contract.py,LOCAL_ONLY_OR_MODIFIED,UNRESOLVED,,,,LOW,true,false
CAP-E4B4728311F0,Decision Quality Public,CLUSTER-B660C1DCD7F3C77B,RUNTIME_SERVICE_UNVERIFIED,P2_MEDIUM,LANDING,Public platform presentation,backend/app/api/decision_quality_public.py,LOCAL_ONLY_OR_MODIFIED,AMBIGUOUS_EVIDENCE,,SYSTEMD_RUNTIME_MATCH,AMBIGUOUS_RUNTIME_MATCH,LOW,true,false
CAP-1FBA01D3C252,Framework Adapter,CLUSTER-1331DA2B82D10D74,RUNTIME_SERVICE_UNVERIFIED,P2_MEDIUM,LANDING,Public platform presentation,backend/services/bot_execution/framework-adapter.cjs,LOCAL_ONLY_OR_MODIFIED,EVIDENCE_FOUND_PENDING_HUMAN_CONFIRMATION,ndsp-bot_execution.service,SYSTEMD_RUNTIME_MATCH,RUNTIME_SOURCE_MATCH:{ path=/usr/bin/node ; argv[]=/usr/bin/node /home/nawaf511/empire-core-new/backend/services/bot_execution/main.cjs ; ignore_errors=no ; start_time=[n/a] ; stop_time=[n/a] ; pid=0 ; code=(null) ; status=0/0 },HIGH,true,false
CAP-0622719B013B,Ndsp Public Quality Unique,CLUSTER-8DB24B3A307DBA1B,RUNTIME_SERVICE_UNVERIFIED,P2_MEDIUM,LANDING,Public platform presentation,backend/app/api/ndsp_public_quality_unique.py,LOCAL_ONLY_OR_MODIFIED,AMBIGUOUS_EVIDENCE,,SYSTEMD_RUNTIME_MATCH,AMBIGUOUS_RUNTIME_MATCH,LOW,true,false
CAP-7A9637DD3A75,Frontend Contract,CLUSTER-456F5C0D6EEA8305,OWNER_UNASSIGNED,P2_MEDIUM,MARKET_INTELLIGENCE,Market and economic intelligence,backend/app/api/v1/frontend_contract.py,LOCAL_ONLY_OR_MODIFIED,UNRESOLVED,,,,LOW,true,false
CAP-56C562461855,Framework Adapter,CLUSTER-325036ACDFEA1ED3,RUNTIME_SERVICE_UNVERIFIED,P2_MEDIUM,PLATFORM_OPERATIONS,Platform operations and service health,backend/services/bot_execution/framework-adapter.cjs,LOCAL_ONLY_OR_MODIFIED,EVIDENCE_FOUND_PENDING_HUMAN_CONFIRMATION,ndsp-bot_execution.service,SYSTEMD_RUNTIME_MATCH,RUNTIME_SOURCE_MATCH:{ path=/usr/bin/node ; argv[]=/usr/bin/node /home/nawaf511/empire-core-new/backend/services/bot_execution/main.cjs ; ignore_errors=no ; start_time=[n/a] ; stop_time=[n/a] ; pid=0 ; code=(null) ; status=0/0 },HIGH,true,false
CAP-5B18901D1F22,Frontend Contract,CLUSTER-73EFBFAE1A55AC95,RUNTIME_SERVICE_UNVERIFIED,P2_MEDIUM,PLATFORM_OPERATIONS,Platform operations and service health,backend/app/api/v1/frontend_contract.py,LOCAL_ONLY_OR_MODIFIED,AMBIGUOUS_EVIDENCE,,SYSTEMD_RUNTIME_MATCH,AMBIGUOUS_RUNTIME_MATCH,LOW,true,false
CAP-B81607E6BCDB,Frontend Contract,CLUSTER-B3B8D85FAFE3D708,RUNTIME_SERVICE_UNVERIFIED,P2_MEDIUM,PLATFORM_OPERATIONS,Platform operations and service health,backend/app/api/v1/frontend_contract.py,LOCAL_ONLY_OR_MODIFIED,AMBIGUOUS_EVIDENCE,,SYSTEMD_RUNTIME_MATCH,AMBIGUOUS_RUNTIME_MATCH,LOW,true,false
CAP-C26418100904,User Operational Compat,CLUSTER-52E920E2015C88E7,RUNTIME_SERVICE_UNVERIFIED,P2_MEDIUM,PLATFORM_OPERATIONS,Platform operations and service health,backend/app/api/compat/user_operational_compat.py,LOCAL_ONLY_OR_MODIFIED,AMBIGUOUS_EVIDENCE,,SYSTEMD_RUNTIME_MATCH,AMBIGUOUS_RUNTIME_MATCH,LOW,true,false
CAP-935E1E26D22F,Dqsrisk State,CLUSTER-075A9C033639FAC0,OWNER_UNASSIGNED,P2_MEDIUM,QUALITY_AND_RISK,Decision quality and risk controls,backend/app/support_layers/quality/decision_quality_stack.py::DQSRiskState,LOCAL_ONLY_OR_MODIFIED,UNRESOLVED,,,,LOW,true,false
CAP-F6B5F7A0A680,Frontend Fields Api,CLUSTER-4AE80B870122ACCA,OWNER_UNASSIGNED,P2_MEDIUM,QUALITY_AND_RISK,Decision quality and risk controls,backend/app/ndsp_governance/frontend_fields_api.py,LOCAL_ONLY_OR_MODIFIED,UNRESOLVED,,,,LOW,true,false
CAP-B89CF4208B10,Grade From Score,CLUSTER-0412272E609423D6,OWNER_UNASSIGNED,P2_MEDIUM,QUALITY_AND_RISK,Decision quality and risk controls,backend/app/support_layers/quality/decision_quality_stack.py::_grade_from_score,LOCAL_ONLY_OR_MODIFIED,UNRESOLVED,,,,LOW,true,false
CAP-C32C78AB47B0,Ndsp Admin Ui Proxy,CLUSTER-78C95988F325EF45,OWNER_UNASSIGNED,P2_MEDIUM,QUALITY_AND_RISK,Decision quality and risk controls,backend/ndsp_admin_ui_proxy.cjs,ON_MAIN,UNRESOLVED,,,,LOW,true,false
CAP-3A5ED3DB0C0D,Risk Label,CLUSTER-23D620B64D4FFE61,OWNER_UNASSIGNED,P2_MEDIUM,QUALITY_AND_RISK,Decision quality and risk controls,backend/app/support_layers/scenario/scenario_engine.py::_risk_label,LOCAL_ONLY_OR_MODIFIED,UNRESOLVED,,,,LOW,true,false
CAP-98156F574B28,Risk Warnings,CLUSTER-A8307409A045A817,OWNER_UNASSIGNED,P2_MEDIUM,QUALITY_AND_RISK,Decision quality and risk controls,backend/app/support_layers/scenario/scenario_engine.py::_risk_warnings,LOCAL_ONLY_OR_MODIFIED,UNRESOLVED,,,,LOW,true,false
CAP-C84121300635,Tdl V2 Policy Admin,CLUSTER-5B9DAFE475C08AEA,OWNER_UNASSIGNED,P2_MEDIUM,QUALITY_AND_RISK,Decision quality and risk controls,apps/ndsp-governance-bridge/policies/admin_snapshot/tdl_v2_policy_admin.py,LOCAL_ONLY_OR_MODIFIED,OWNER_CANDIDATE_FOUND_NOT_AUTHORITATIVE,nawaf511,SYSTEMD_EXECUTION_USER,ndsp-governance-bridge.service,LOW,true,false
CAP-4FF90CCC6DFE,Tdl V2 Policy Admin,CLUSTER-7F849E4490C35BB1,OWNER_UNASSIGNED,P2_MEDIUM,QUALITY_AND_RISK,Decision quality and risk controls,apps/ndsp-governance-bridge/policies/admin_snapshot/tdl_v2_policy_admin.py,LOCAL_ONLY_OR_MODIFIED,OWNER_CANDIDATE_FOUND_NOT_AUTHORITATIVE,nawaf511,SYSTEMD_EXECUTION_USER,ndsp-governance-bridge.service,LOW,true,false
CAP-93DD0F3859D4,Tdl V2 Policy Admin,CLUSTER-93E3BBEA8F0A76F6,OWNER_UNASSIGNED,P2_MEDIUM,QUALITY_AND_RISK,Decision quality and risk controls,apps/ndsp-governance-bridge/policies/admin_snapshot/tdl_v2_policy_admin.py,LOCAL_ONLY_OR_MODIFIED,OWNER_CANDIDATE_FOUND_NOT_AUTHORITATIVE,nawaf511,SYSTEMD_EXECUTION_USER,ndsp-governance-bridge.service,LOW,true,false
CAP-8A9DD9B6E7D5,Tdl V2 Policy Admin,CLUSTER-97466F763D9BD9E5,OWNER_UNASSIGNED,P2_MEDIUM,QUALITY_AND_RISK,Decision quality and risk controls,apps/ndsp-governance-bridge/policies/admin_snapshot/tdl_v2_policy_admin.py,LOCAL_ONLY_OR_MODIFIED,OWNER_CANDIDATE_FOUND_NOT_AUTHORITATIVE,nawaf511,SYSTEMD_EXECUTION_USER,ndsp-governance-bridge.service,LOW,true,false
CAP-AA4ECF6DF3F8,Tdl V2 Policy Admin,CLUSTER-C303E36D3C1776CA,OWNER_UNASSIGNED,P2_MEDIUM,QUALITY_AND_RISK,Decision quality and risk controls,apps/ndsp-governance-bridge/policies/admin_snapshot/tdl_v2_policy_admin.py,LOCAL_ONLY_OR_MODIFIED,OWNER_CANDIDATE_FOUND_NOT_AUTHORITATIVE,nawaf511,SYSTEMD_EXECUTION_USER,ndsp-governance-bridge.service,LOW,true,false
CAP-805630C7C819,Attach Report,CLUSTER-1A1DF77772C7862E,RUNTIME_SERVICE_UNVERIFIED,P2_MEDIUM,REPORTS_AND_ANALYTICS,"Reports, analytics, and evidence",backend/app/support_layers/scenario/scenario_engine.py::attach_report,LOCAL_ONLY_OR_MODIFIED,EVIDENCE_FOUND_PENDING_HUMAN_CONFIRMATION,ndsp-scenario-levels-adapter.service,SYSTEMD_RUNTIME_MATCH,RUNTIME_SOURCE_MATCH:{ path=/usr/bin/node ; argv[]=/usr/bin/node /home/nawaf511/empire-core-new/backend/ndsp_scenario_levels_adapter.cjs ; ignore_errors=no ; start_time=[n/a] ; stop_time=[n/a] ; pid=0 ; code=(null) ; status=0/0 },HIGH,true,false
CAP-9BE0DE3ADC89,Generate Report,CLUSTER-BC5304F5A464794E,RUNTIME_SERVICE_UNVERIFIED,P2_MEDIUM,REPORTS_AND_ANALYTICS,"Reports, analytics, and evidence",backend/app/support_layers/scenario/scenario_engine.py::generate_report,LOCAL_ONLY_OR_MODIFIED,EVIDENCE_FOUND_PENDING_HUMAN_CONFIRMATION,ndsp-scenario-levels-adapter.service,SYSTEMD_RUNTIME_MATCH,RUNTIME_SOURCE_MATCH:{ path=/usr/bin/node ; argv[]=/usr/bin/node /home/nawaf511/empire-core-new/backend/ndsp_scenario_levels_adapter.cjs ; ignore_errors=no ; start_time=[n/a] ; stop_time=[n/a] ; pid=0 ; code=(null) ; status=0/0 },HIGH,true,false
CAP-552A04A27A0F,Scenario Report,CLUSTER-1BD5A59391679254,RUNTIME_SERVICE_UNVERIFIED,P2_MEDIUM,REPORTS_AND_ANALYTICS,"Reports, analytics, and evidence",backend/app/support_layers/scenario/scenario_engine.py::ScenarioReport,LOCAL_ONLY_OR_MODIFIED,EVIDENCE_FOUND_PENDING_HUMAN_CONFIRMATION,ndsp-scenario-levels-adapter.service,SYSTEMD_RUNTIME_MATCH,RUNTIME_SOURCE_MATCH:{ path=/usr/bin/node ; argv[]=/usr/bin/node /home/nawaf511/empire-core-new/backend/ndsp_scenario_levels_adapter.cjs ; ignore_errors=no ; start_time=[n/a] ; stop_time=[n/a] ; pid=0 ; code=(null) ; status=0/0 },HIGH,true,false
CAP-70F625B28F63,Alert Prefs Post,CLUSTER-5C8A28CB4849CE41,OWNER_UNASSIGNED,P2_MEDIUM,TRIAL_AND_BILLING,"Trial, plans, and billing",backend/app/api/compat/user_operational_compat.py::alert_prefs_post,LOCAL_ONLY_OR_MODIFIED,UNRESOLVED,,,,LOW,true,false
CAP-C250957D114F,Frontend Contract,CLUSTER-0AB1FDCBBD5FA5E8,OWNER_UNASSIGNED,P2_MEDIUM,TRIAL_AND_BILLING,"Trial, plans, and billing",backend/app/api/v1/frontend_contract.py,LOCAL_ONLY_OR_MODIFIED,UNRESOLVED,,,,LOW,true,false
CAP-BD19C45FECD0,Frontend Contract,CLUSTER-75F9D184F9AFE542,OWNER_UNASSIGNED,P2_MEDIUM,TRIAL_AND_BILLING,"Trial, plans, and billing",backend/app/api/v1/frontend_contract.py,LOCAL_ONLY_OR_MODIFIED,UNRESOLVED,,,,LOW,true,false
CAP-D8194AB79967,Frontend Contract,CLUSTER-A10391D6225F56E7,OWNER_UNASSIGNED,P2_MEDIUM,TRIAL_AND_BILLING,"Trial, plans, and billing",backend/app/api/v1/frontend_contract.py,LOCAL_ONLY_OR_MODIFIED,UNRESOLVED,,,,LOW,true,false
CAP-8BFCC7DDCBE0,Frontend Contract,CLUSTER-A84405A7F2E6BD0A,OWNER_UNASSIGNED,P2_MEDIUM,TRIAL_AND_BILLING,"Trial, plans, and billing",backend/app/api/v1/frontend_contract.py,LOCAL_ONLY_OR_MODIFIED,UNRESOLVED,,,,LOW,true,false
CAP-F402D935EFF7,Frontend Contract,CLUSTER-B9068B4DD1E0C3BC,OWNER_UNASSIGNED,P2_MEDIUM,TRIAL_AND_BILLING,"Trial, plans, and billing",backend/app/api/v1/frontend_contract.py,LOCAL_ONLY_OR_MODIFIED,UNRESOLVED,,,,LOW,true,false
CAP-10D53C6D7918,Frontend Contract,CLUSTER-CAAF3729109106A9,OWNER_UNASSIGNED,P2_MEDIUM,TRIAL_AND_BILLING,"Trial, plans, and billing",backend/app/api/v1/frontend_contract.py,LOCAL_ONLY_OR_MODIFIED,UNRESOLVED,,,,LOW,true,false
CAP-9F3B6AAA223B,Frontend Contract,CLUSTER-DA5230BF722A7C44,OWNER_UNASSIGNED,P2_MEDIUM,TRIAL_AND_BILLING,"Trial, plans, and billing",backend/app/api/v1/frontend_contract.py,LOCAL_ONLY_OR_MODIFIED,UNRESOLVED,,,,LOW,true,false
CAP-C514A0947E28,Frontend Contract,CLUSTER-FBE574887ED479BC,OWNER_UNASSIGNED,P2_MEDIUM,TRIAL_AND_BILLING,"Trial, plans, and billing",backend/app/api/v1/frontend_contract.py,LOCAL_ONLY_OR_MODIFIED,UNRESOLVED,,,,LOW,true,false
CAP-F142BF636522,Ndsp Admin Ui Proxy,CLUSTER-5792A265FF46E0D7,OWNER_UNASSIGNED,P2_MEDIUM,TRIAL_AND_BILLING,"Trial, plans, and billing",backend/ndsp_admin_ui_proxy.cjs,ON_MAIN,UNRESOLVED,,,,LOW,true,false
CAP-513B295710F5,Ndsp Admin Ui Proxy,CLUSTER-6A45450BC66CD8D3,OWNER_UNASSIGNED,P2_MEDIUM,TRIAL_AND_BILLING,"Trial, plans, and billing",backend/ndsp_admin_ui_proxy.cjs,ON_MAIN,UNRESOLVED,,,,LOW,true,false
CAP-70C19D24087E,Ndsp Nowpayments,CLUSTER-3373CEFA77A50B27,OWNER_UNASSIGNED,P2_MEDIUM,TRIAL_AND_BILLING,"Trial, plans, and billing",backend/ndsp_nowpayments.cjs,ON_MAIN,UNRESOLVED,,,,LOW,true,false
CAP-7AF5F3CAE976,Ndsp Nowpayments,CLUSTER-9D13ADEF1E509D68,OWNER_UNASSIGNED,P2_MEDIUM,TRIAL_AND_BILLING,"Trial, plans, and billing",backend/ndsp_nowpayments.cjs,ON_MAIN,UNRESOLVED,,,,LOW,true,false
CAP-29DCBEF0D49C,Ndsp Nowpayments,CLUSTER-D7C6C05092448016,OWNER_UNASSIGNED,P2_MEDIUM,TRIAL_AND_BILLING,"Trial, plans, and billing",backend/ndsp_nowpayments.cjs,ON_MAIN,UNRESOLVED,,,,LOW,true,false
CAP-DBE4CDD3AB94,Ndsp Nowpayments,CLUSTER-FFA7F6F8B9033F4B,OWNER_UNASSIGNED,P2_MEDIUM,TRIAL_AND_BILLING,"Trial, plans, and billing",backend/ndsp_nowpayments.cjs,ON_MAIN,UNRESOLVED,,,,LOW,true,false
CAP-461745E841AB,Ndsp Trial Info,CLUSTER-E25552D956180A16,OWNER_UNASSIGNED,P2_MEDIUM,TRIAL_AND_BILLING,"Trial, plans, and billing",backend/ndsp_trial_info.cjs,ON_MAIN,UNRESOLVED,,,,LOW,true,false
CAP-329C5FE62399,Nowpayments Create Alias,CLUSTER-04AE942A6CCB8C5A,OWNER_UNASSIGNED,P2_MEDIUM,TRIAL_AND_BILLING,"Trial, plans, and billing",backend/app/api/compat/nowpayments_create_alias.py,LOCAL_ONLY_OR_MODIFIED,UNRESOLVED,,,,LOW,true,false
CAP-4C3B7B99A4A6,Nowpayments Create Alias,CLUSTER-3B2119F427ED870D,OWNER_UNASSIGNED,P2_MEDIUM,TRIAL_AND_BILLING,"Trial, plans, and billing",backend/app/api/compat/nowpayments_create_alias.py,LOCAL_ONLY_OR_MODIFIED,UNRESOLVED,,,,LOW,true,false
CAP-033B90B3A316,Nowpayments Create Alias,CLUSTER-979F2906008108BE,OWNER_UNASSIGNED,P2_MEDIUM,TRIAL_AND_BILLING,"Trial, plans, and billing",backend/app/api/compat/nowpayments_create_alias.py,LOCAL_ONLY_OR_MODIFIED,UNRESOLVED,,,,LOW,true,false
CAP-EDF3F96EC14B,User Operational Compat,CLUSTER-12CE9BAE31EA4CB2,OWNER_UNASSIGNED,P2_MEDIUM,TRIAL_AND_BILLING,"Trial, plans, and billing",backend/app/api/compat/user_operational_compat.py,LOCAL_ONLY_OR_MODIFIED,UNRESOLVED,,,,LOW,true,false
CAP-9EAA6B9BF2BC,User Operational Compat,CLUSTER-5E9DA9DE4B7D094A,OWNER_UNASSIGNED,P2_MEDIUM,TRIAL_AND_BILLING,"Trial, plans, and billing",backend/app/api/compat/user_operational_compat.py,LOCAL_ONLY_OR_MODIFIED,UNRESOLVED,,,,LOW,true,false
CAP-F197D783C391,User Operational Compat,CLUSTER-7845464071C28F4D,OWNER_UNASSIGNED,P2_MEDIUM,TRIAL_AND_BILLING,"Trial, plans, and billing",backend/app/api/compat/user_operational_compat.py,LOCAL_ONLY_OR_MODIFIED,UNRESOLVED,,,,LOW,true,false
CAP-5F34508D1D07,User Operational Compat,CLUSTER-955B64BDFA938A5B,OWNER_UNASSIGNED,P2_MEDIUM,TRIAL_AND_BILLING,"Trial, plans, and billing",backend/app/api/compat/user_operational_compat.py,LOCAL_ONLY_OR_MODIFIED,UNRESOLVED,,,,LOW,true,false
CAP-3F9549B2B851,User Operational Compat,CLUSTER-AB4D236F021BB367,OWNER_UNASSIGNED,P2_MEDIUM,TRIAL_AND_BILLING,"Trial, plans, and billing",backend/app/api/compat/user_operational_compat.py,LOCAL_ONLY_OR_MODIFIED,UNRESOLVED,,,,LOW,true,false
CAP-F150D0BAA604,Frontend Contract,CLUSTER-2BF08E118E2502DD,OWNER_UNASSIGNED,P3_OWNER,ADMIN_USERS,Admin user management,backend/app/api/v1/frontend_contract.py,LOCAL_ONLY_OR_MODIFIED,UNRESOLVED,,,,LOW,true,false
CAP-E9D779AE5200,Frontend Contract,CLUSTER-439BB6D39BC81D2B,OWNER_UNASSIGNED,P3_OWNER,ADMIN_USERS,Admin user management,backend/app/api/v1/frontend_contract.py,LOCAL_ONLY_OR_MODIFIED,UNRESOLVED,,,,LOW,true,false
CAP-071618E88E83,Frontend Contract,CLUSTER-8E2FC46606546F23,OWNER_UNASSIGNED,P3_OWNER,ADMIN_USERS,Admin user management,backend/app/api/v1/frontend_contract.py,LOCAL_ONLY_OR_MODIFIED,UNRESOLVED,,,,LOW,true,false
CAP-4FCAA631BA18,Ndsp Admin Actions Bypass Old Middleware,CLUSTER-8F243050068688C8,OWNER_UNASSIGNED,P3_OWNER,ADMIN_USERS,Admin user management,backend/ndsp_admin_actions_bypass_old_middleware.cjs,ON_MAIN,UNRESOLVED,,,,LOW,true,false
CAP-24BDA2A0DD8B,Ndsp Admin Ui Proxy,CLUSTER-9BB860E906E5F008,OWNER_UNASSIGNED,P3_OWNER,ADMIN_USERS,Admin user management,backend/ndsp_admin_ui_proxy.cjs,ON_MAIN,UNRESOLVED,,,,LOW,true,false
CAP-4B8CAC6792AE,Ndsp User Portal Final Experience V1 One Script,CLUSTER-0328C106FF332C89,OWNER_UNASSIGNED,P3_OWNER,ADMIN_USERS,Admin user management,NDSP_USER_PORTAL_FINAL_EXPERIENCE_V1_ONE_SCRIPT.sh,LOCAL_ONLY_OR_MODIFIED,UNRESOLVED,,,,LOW,true,false
CAP-B2ADCE8E14C1,Ndsp User Portal Final Experience V1 One Script,CLUSTER-14E241D47ACC5CBA,OWNER_UNASSIGNED,P3_OWNER,ADMIN_USERS,Admin user management,NDSP_USER_PORTAL_FINAL_EXPERIENCE_V1_ONE_SCRIPT.sh,LOCAL_ONLY_OR_MODIFIED,UNRESOLVED,,,,LOW,true,false
CAP-AD97D3157EBD,Ndsp User Portal Final Experience V1 One Script,CLUSTER-FDBEF33E2C765F1C,OWNER_UNASSIGNED,P3_OWNER,ADMIN_USERS,Admin user management,NDSP_USER_PORTAL_FINAL_EXPERIENCE_V1_ONE_SCRIPT.sh,LOCAL_ONLY_OR_MODIFIED,UNRESOLVED,,,,LOW,true,false
CAP-0CE111E47411,Frontend Contract,CLUSTER-328257E93FCC054C,OWNER_UNASSIGNED,P3_OWNER,ALERTS_AND_CHANNELS,Alerts and delivery channels,backend/app/api/v1/frontend_contract.py,LOCAL_ONLY_OR_MODIFIED,UNRESOLVED,,,,LOW,true,false
CAP-538A80545E29,Frontend Contract,CLUSTER-67635868736B0665,OWNER_UNASSIGNED,P3_OWNER,ALERTS_AND_CHANNELS,Alerts and delivery channels,backend/app/api/v1/frontend_contract.py,LOCAL_ONLY_OR_MODIFIED,UNRESOLVED,,,,LOW,true,false
CAP-931E56E35D55,Frontend Contract,CLUSTER-ABFFD4E1F0B0E15D,OWNER_UNASSIGNED,P3_OWNER,ALERTS_AND_CHANNELS,Alerts and delivery channels,backend/app/api/v1/frontend_contract.py,LOCAL_ONLY_OR_MODIFIED,UNRESOLVED,,,,LOW,true,false
CAP-8BCDCDA9FCED,Frontend Contract,CLUSTER-F3A2BBEC8AF03293,OWNER_UNASSIGNED,P3_OWNER,ALERTS_AND_CHANNELS,Alerts and delivery channels,backend/app/api/v1/frontend_contract.py,LOCAL_ONLY_OR_MODIFIED,UNRESOLVED,,,,LOW,true,false
CAP-F0AA44F7E81A,Frontend Contract,CLUSTER-F9493910881613CF,OWNER_UNASSIGNED,P3_OWNER,ALERTS_AND_CHANNELS,Alerts and delivery channels,backend/app/api/v1/frontend_contract.py,LOCAL_ONLY_OR_MODIFIED,UNRESOLVED,,,,LOW,true,false
CAP-A61CF5BBAA01,Ndsp Admin Ui Proxy,CLUSTER-F62343BD134E1900,OWNER_UNASSIGNED,P3_OWNER,ALERTS_AND_CHANNELS,Alerts and delivery channels,backend/ndsp_admin_ui_proxy.cjs,ON_MAIN,UNRESOLVED,,,,LOW,true,false
CAP-E4980A40032A,Ndsp User Portal Final Experience V1 One Script,CLUSTER-322DC710CFDB962B,OWNER_UNASSIGNED,P3_OWNER,ALERTS_AND_CHANNELS,Alerts and delivery channels,NDSP_USER_PORTAL_FINAL_EXPERIENCE_V1_ONE_SCRIPT.sh,LOCAL_ONLY_OR_MODIFIED,UNRESOLVED,,,,LOW,true,false
CAP-A194414E26E2,Telegram Routing Admin,CLUSTER-5E7C7AD2F1B4282A,OWNER_UNASSIGNED,P3_OWNER,ALERTS_AND_CHANNELS,Alerts and delivery channels,backend/app/api/admin/telegram_routing_admin.py,LOCAL_ONLY_OR_MODIFIED,UNRESOLVED,,,,LOW,true,false
CAP-EC53447FDEFA,Telegram Routing Internal,CLUSTER-C427B922BB471395,OWNER_UNASSIGNED,P3_OWNER,ALERTS_AND_CHANNELS,Alerts and delivery channels,backend/app/api/internal/telegram_routing_internal.py,LOCAL_ONLY_OR_MODIFIED,UNRESOLVED,,,,LOW,true,false
CAP-45BEE5E5B9D6,Telegram Routing V2,CLUSTER-20B55F2AD6D04BE8,OWNER_UNASSIGNED,P3_OWNER,ALERTS_AND_CHANNELS,Alerts and delivery channels,backend/app/api/admin/telegram_routing_v2.py,LOCAL_ONLY_OR_MODIFIED,UNRESOLVED,,,,LOW,true,false
CAP-8CF43007F5CD,Telegram Routing V2,CLUSTER-631F0C2197AF7D5E,OWNER_UNASSIGNED,P3_OWNER,ALERTS_AND_CHANNELS,Alerts and delivery channels,backend/app/api/admin/telegram_routing_v2.py,LOCAL_ONLY_OR_MODIFIED,UNRESOLVED,,,,LOW,true,false
CAP-22453668AACA,Telegram Routing V2,CLUSTER-7221689E4834C98E,OWNER_UNASSIGNED,P3_OWNER,ALERTS_AND_CHANNELS,Alerts and delivery channels,backend/app/api/admin/telegram_routing_v2.py,LOCAL_ONLY_OR_MODIFIED,UNRESOLVED,,,,LOW,true,false
CAP-BC09A0EB4549,User Operational Compat,CLUSTER-192665335C34E13D,OWNER_UNASSIGNED,P3_OWNER,ALERTS_AND_CHANNELS,Alerts and delivery channels,backend/app/api/compat/user_operational_compat.py,LOCAL_ONLY_OR_MODIFIED,UNRESOLVED,,,,LOW,true,false
CAP-48F24BF885D7,User Operational Compat,CLUSTER-418471406315AE70,OWNER_UNASSIGNED,P3_OWNER,ALERTS_AND_CHANNELS,Alerts and delivery channels,backend/app/api/compat/user_operational_compat.py,LOCAL_ONLY_OR_MODIFIED,UNRESOLVED,,,,LOW,true,false
CAP-FAAE9703FE61,User Operational Compat,CLUSTER-5F9C10E11F6C8818,OWNER_UNASSIGNED,P3_OWNER,ALERTS_AND_CHANNELS,Alerts and delivery channels,backend/app/api/compat/user_operational_compat.py,LOCAL_ONLY_OR_MODIFIED,UNRESOLVED,,,,LOW,true,false
CAP-D559FE326861,User Operational Compat,CLUSTER-7760D3ACF83E0B50,OWNER_UNASSIGNED,P3_OWNER,ALERTS_AND_CHANNELS,Alerts and delivery channels,backend/app/api/compat/user_operational_compat.py,LOCAL_ONLY_OR_MODIFIED,UNRESOLVED,,,,LOW,true,false
CAP-E50EE9CF3FD6,User Operational Compat,CLUSTER-B8252076D7DF7FF9,OWNER_UNASSIGNED,P3_OWNER,ALERTS_AND_CHANNELS,Alerts and delivery channels,backend/app/api/compat/user_operational_compat.py,LOCAL_ONLY_OR_MODIFIED,UNRESOLVED,,,,LOW,true,false
CAP-636B50FAED04,Frontend Contract,CLUSTER-0746027563B4F7CB,OWNER_UNASSIGNED,P3_OWNER,CAPABILITY_REVIEW,Unclassified platform capability,backend/app/api/v1/frontend_contract.py,LOCAL_ONLY_OR_MODIFIED,UNRESOLVED,,,,LOW,true,false
CAP-D6102C7DC3C1,Frontend Contract,CLUSTER-1143EF6BAB8687CD,OWNER_UNASSIGNED,P3_OWNER,CAPABILITY_REVIEW,Unclassified platform capability,backend/app/api/v1/frontend_contract.py,LOCAL_ONLY_OR_MODIFIED,UNRESOLVED,,,,LOW,true,false
CAP-4804EA150D2F,Frontend Contract,CLUSTER-1B355FCD82516B99,OWNER_UNASSIGNED,P3_OWNER,CAPABILITY_REVIEW,Unclassified platform capability,backend/app/api/v1/frontend_contract.py,LOCAL_ONLY_OR_MODIFIED,UNRESOLVED,,,,LOW,true,false
CAP-C95B03AE5FFB,Frontend Contract,CLUSTER-1C0006D0FCDB7718,OWNER_UNASSIGNED,P3_OWNER,CAPABILITY_REVIEW,Unclassified platform capability,backend/app/api/v1/frontend_contract.py,LOCAL_ONLY_OR_MODIFIED,UNRESOLVED,,,,LOW,true,false
CAP-11BF5E282765,Frontend Contract,CLUSTER-37970355FCCFFAB3,OWNER_UNASSIGNED,P3_OWNER,CAPABILITY_REVIEW,Unclassified platform capability,backend/app/api/v1/frontend_contract.py,LOCAL_ONLY_OR_MODIFIED,UNRESOLVED,,,,LOW,true,false
CAP-FA44BA71A8B0,Frontend Contract,CLUSTER-3B0A4645F1E78920,OWNER_UNASSIGNED,P3_OWNER,CAPABILITY_REVIEW,Unclassified platform capability,backend/app/api/v1/frontend_contract.py,LOCAL_ONLY_OR_MODIFIED,UNRESOLVED,,,,LOW,true,false
CAP-B167184CBF84,Frontend Contract,CLUSTER-3DB2CA2224CCB065,OWNER_UNASSIGNED,P3_OWNER,CAPABILITY_REVIEW,Unclassified platform capability,backend/app/api/v1/frontend_contract.py,LOCAL_ONLY_OR_MODIFIED,UNRESOLVED,,,,LOW,true,false
CAP-A57ECAABD0D2,Frontend Contract,CLUSTER-43E988AB222E55F2,OWNER_UNASSIGNED,P3_OWNER,CAPABILITY_REVIEW,Unclassified platform capability,backend/app/api/v1/frontend_contract.py,LOCAL_ONLY_OR_MODIFIED,UNRESOLVED,,,,LOW,true,false
CAP-2CC212BF4F8E,Frontend Contract,CLUSTER-56B06674577E8202,OWNER_UNASSIGNED,P3_OWNER,CAPABILITY_REVIEW,Unclassified platform capability,backend/app/api/v1/frontend_contract.py,LOCAL_ONLY_OR_MODIFIED,UNRESOLVED,,,,LOW,true,false
CAP-E4B4728311F0,Decision Quality Public,CLUSTER-B660C1DCD7F3C77B,OWNER_UNASSIGNED,P3_OWNER,LANDING,Public platform presentation,backend/app/api/decision_quality_public.py,LOCAL_ONLY_OR_MODIFIED,UNRESOLVED,,,,LOW,true,false
CAP-1FBA01D3C252,Framework Adapter,CLUSTER-1331DA2B82D10D74,OWNER_UNASSIGNED,P3_OWNER,LANDING,Public platform presentation,backend/services/bot_execution/framework-adapter.cjs,LOCAL_ONLY_OR_MODIFIED,UNRESOLVED,,,,LOW,true,false
CAP-00ED621D6D60,Ndsp Attach Dual Scenario Data Quality Public V1,CLUSTER-7EB5191C8588F907,OWNER_UNASSIGNED,P3_OWNER,LANDING,Public platform presentation,backend/ndsp-live-decision-quality/server.py::_ndsp_attach_dual_scenario_data_quality_public_v1,LOCAL_ONLY_OR_MODIFIED,OWNER_CANDIDATE_FOUND_NOT_AUTHORITATIVE,nawaf511,SYSTEMD_EXECUTION_USER,ndsp-live-decision-quality.service,LOW,true,false
CAP-0622719B013B,Ndsp Public Quality Unique,CLUSTER-8DB24B3A307DBA1B,OWNER_UNASSIGNED,P3_OWNER,LANDING,Public platform presentation,backend/app/api/ndsp_public_quality_unique.py,LOCAL_ONLY_OR_MODIFIED,UNRESOLVED,,,,LOW,true,false
CAP-170A28FFB0E7,Auth,CLUSTER-39C99CAF91B276BA,OWNER_UNASSIGNED,P3_OWNER,PLATFORM_OPERATIONS,Platform operations and service health,backend/ndsp_admin_ui_proxy.cjs::auth,ON_MAIN,UNRESOLVED,,,,LOW,true,false
CAP-438A6D14BFBB,Auth Optional,CLUSTER-C9D5E973D5F5F3E9,OWNER_UNASSIGNED,P3_OWNER,PLATFORM_OPERATIONS,Platform operations and service health,backend/ndsp_api_compat_gateway.cjs::authOptional,ON_MAIN,UNRESOLVED,,,,LOW,true,false
CAP-56C562461855,Framework Adapter,CLUSTER-325036ACDFEA1ED3,OWNER_UNASSIGNED,P3_OWNER,PLATFORM_OPERATIONS,Platform operations and service health,backend/services/bot_execution/framework-adapter.cjs,LOCAL_ONLY_OR_MODIFIED,UNRESOLVED,,,,LOW,true,false
CAP-5B18901D1F22,Frontend Contract,CLUSTER-73EFBFAE1A55AC95,OWNER_UNASSIGNED,P3_OWNER,PLATFORM_OPERATIONS,Platform operations and service health,backend/app/api/v1/frontend_contract.py,LOCAL_ONLY_OR_MODIFIED,UNRESOLVED,,,,LOW,true,false
CAP-B81607E6BCDB,Frontend Contract,CLUSTER-B3B8D85FAFE3D708,OWNER_UNASSIGNED,P3_OWNER,PLATFORM_OPERATIONS,Platform operations and service health,backend/app/api/v1/frontend_contract.py,LOCAL_ONLY_OR_MODIFIED,UNRESOLVED,,,,LOW,true,false
CAP-A1CD5A0B9B66,Market Type For,CLUSTER-547C76FD6DEEB68F,OWNER_UNASSIGNED,P3_OWNER,PLATFORM_OPERATIONS,Platform operations and service health,backend/ndsp-live-decision-quality/asset_registry_runtime.py::market_type_for,LOCAL_ONLY_OR_MODIFIED,OWNER_CANDIDATE_FOUND_NOT_AUTHORITATIVE,nawaf511,SYSTEMD_EXECUTION_USER,ndsp-live-decision-quality.service,LOW,true,false
CAP-47C952094550,Ndsp Admin Actions Authoritative,CLUSTER-8F684E41181B6FEE,OWNER_UNASSIGNED,P3_OWNER,PLATFORM_OPERATIONS,Platform operations and service health,backend/ndsp_admin_actions_authoritative.cjs,ON_MAIN,UNRESOLVED,,,,LOW,true,false
CAP-89287AB7B399,Ndsp Admin Actions Bypass Old Middleware,CLUSTER-0EDDB74E15FCFD6A,OWNER_UNASSIGNED,P3_OWNER,PLATFORM_OPERATIONS,Platform operations and service health,backend/ndsp_admin_actions_bypass_old_middleware.cjs,ON_MAIN,UNRESOLVED,,,,LOW,true,false
CAP-F4D88C2A7931,Ndsp Admin Ui Proxy,CLUSTER-065FF7E991FE7A36,OWNER_UNASSIGNED,P3_OWNER,PLATFORM_OPERATIONS,Platform operations and service health,backend/ndsp_admin_ui_proxy.cjs,ON_MAIN,UNRESOLVED,,,,LOW,true,false
CAP-D18B4EC4F34A,Ndsp Admin Ui Proxy,CLUSTER-146A953A5A090F47,OWNER_UNASSIGNED,P3_OWNER,PLATFORM_OPERATIONS,Platform operations and service health,backend/ndsp_admin_ui_proxy.cjs,ON_MAIN,UNRESOLVED,,,,LOW,true,false
CAP-7E97D2614E6D,Ndsp Admin Ui Proxy,CLUSTER-2E7C1911FA0C6C3D,OWNER_UNASSIGNED,P3_OWNER,PLATFORM_OPERATIONS,Platform operations and service health,backend/ndsp_admin_ui_proxy.cjs,ON_MAIN,UNRESOLVED,,,,LOW,true,false
CAP-4B75FD38F852,Ndsp Admin Ui Proxy,CLUSTER-49DBC384FFE12134,OWNER_UNASSIGNED,P3_OWNER,PLATFORM_OPERATIONS,Platform operations and service health,backend/ndsp_admin_ui_proxy.cjs,ON_MAIN,UNRESOLVED,,,,LOW,true,false
CAP-8374FD1D62EB,Ndsp Admin Ui Proxy,CLUSTER-6F9527A740879BA9,OWNER_UNASSIGNED,P3_OWNER,PLATFORM_OPERATIONS,Platform operations and service health,backend/ndsp_admin_ui_proxy.cjs,ON_MAIN,UNRESOLVED,,,,LOW,true,false
CAP-3D9086A829ED,Ndsp Admin Ui Proxy,CLUSTER-9899BA6BB68DEBC5,OWNER_UNASSIGNED,P3_OWNER,PLATFORM_OPERATIONS,Platform operations and service health,backend/ndsp_admin_ui_proxy.cjs,ON_MAIN,UNRESOLVED,,,,LOW,true,false
CAP-622CD214F034,Ndsp Admin Ui Proxy,CLUSTER-F6326AB20CA7039F,OWNER_UNASSIGNED,P3_OWNER,PLATFORM_OPERATIONS,Platform operations and service health,backend/ndsp_admin_ui_proxy.cjs,ON_MAIN,UNRESOLVED,,,,LOW,true,false
CAP-81C879AE2209,Ndsp Api Compat Gateway,CLUSTER-13E1BE84357A8BF3,OWNER_UNASSIGNED,P3_OWNER,PLATFORM_OPERATIONS,Platform operations and service health,backend/ndsp_api_compat_gateway.cjs,ON_MAIN,UNRESOLVED,,,,LOW,true,false
CAP-20B6E1FEA3A2,Ndsp Api Compat Gateway,CLUSTER-2305B098920942A5,OWNER_UNASSIGNED,P3_OWNER,PLATFORM_OPERATIONS,Platform operations and service health,backend/ndsp_api_compat_gateway.cjs,ON_MAIN,UNRESOLVED,,,,LOW,true,false
CAP-48E71B4F1CF7,Ndsp Api Compat Gateway,CLUSTER-7C1FEACB5901A8AF,OWNER_UNASSIGNED,P3_OWNER,PLATFORM_OPERATIONS,Platform operations and service health,backend/ndsp_api_compat_gateway.cjs,ON_MAIN,UNRESOLVED,,,,LOW,true,false
CAP-570806ECD8A4,Ndsp Api Compat Gateway,CLUSTER-95A680D94563A2A1,OWNER_UNASSIGNED,P3_OWNER,PLATFORM_OPERATIONS,Platform operations and service health,backend/ndsp_api_compat_gateway.cjs,ON_MAIN,UNRESOLVED,,,,LOW,true,false
CAP-3CFCB5B47F6B,Ndsp Api Compat Gateway,CLUSTER-9EC582F4151E97EC,OWNER_UNASSIGNED,P3_OWNER,PLATFORM_OPERATIONS,Platform operations and service health,backend/ndsp_api_compat_gateway.cjs,ON_MAIN,UNRESOLVED,,,,LOW,true,false
CAP-3D0167450973,Ndsp Api Compat Gateway,CLUSTER-9F64828D6707F6B0,OWNER_UNASSIGNED,P3_OWNER,PLATFORM_OPERATIONS,Platform operations and service health,backend/ndsp_api_compat_gateway.cjs,ON_MAIN,UNRESOLVED,,,,LOW,true,false
CAP-13D1EE0A3B7A,Ndsp User Dashboard Gateway,CLUSTER-46E5B501847DD809,OWNER_UNASSIGNED,P3_OWNER,PLATFORM_OPERATIONS,Platform operations and service health,backend/ndsp_user_dashboard_gateway.cjs,ON_MAIN,UNRESOLVED,,,,LOW,true,false
CAP-353E6D9C0A43,Ndsp User Login Gateway,CLUSTER-0510FC78E483B3D6,OWNER_UNASSIGNED,P3_OWNER,PLATFORM_OPERATIONS,Platform operations and service health,backend/auth_api/ndsp_user_login_gateway.cjs,LOCAL_ONLY_OR_MODIFIED,OWNER_CANDIDATE_FOUND_NOT_AUTHORITATIVE,nawaf511,SYSTEMD_EXECUTION_USER,ndsp-user-login.service,LOW,true,false
CAP-B26FA1996A34,Ndsp User Login Gateway,CLUSTER-058EA84FFB96BD5C,OWNER_UNASSIGNED,P3_OWNER,PLATFORM_OPERATIONS,Platform operations and service health,backend/auth_api/ndsp_user_login_gateway.cjs,LOCAL_ONLY_OR_MODIFIED,OWNER_CANDIDATE_FOUND_NOT_AUTHORITATIVE,nawaf511,SYSTEMD_EXECUTION_USER,ndsp-user-login.service,LOW,true,false
CAP-E07F7BC7E52F,Ndsp User Login Gateway,CLUSTER-0EE83BCF1B387E47,OWNER_UNASSIGNED,P3_OWNER,PLATFORM_OPERATIONS,Platform operations and service health,backend/auth_api/ndsp_user_login_gateway.cjs,LOCAL_ONLY_OR_MODIFIED,OWNER_CANDIDATE_FOUND_NOT_AUTHORITATIVE,nawaf511,SYSTEMD_EXECUTION_USER,ndsp-user-login.service,LOW,true,false
CAP-1A9F62165A6D,Ndsp User Login Gateway,CLUSTER-2C421ED62D7F895B,OWNER_UNASSIGNED,P3_OWNER,PLATFORM_OPERATIONS,Platform operations and service health,backend/auth_api/ndsp_user_login_gateway.cjs,LOCAL_ONLY_OR_MODIFIED,OWNER_CANDIDATE_FOUND_NOT_AUTHORITATIVE,nawaf511,SYSTEMD_EXECUTION_USER,ndsp-user-login.service,LOW,true,false
CAP-1D926198372A,Ndsp User Login Gateway,CLUSTER-3936838EFF8BCAF5,OWNER_UNASSIGNED,P3_OWNER,PLATFORM_OPERATIONS,Platform operations and service health,backend/auth_api/ndsp_user_login_gateway.cjs,LOCAL_ONLY_OR_MODIFIED,OWNER_CANDIDATE_FOUND_NOT_AUTHORITATIVE,nawaf511,SYSTEMD_EXECUTION_USER,ndsp-user-login.service,LOW,true,false
CAP-9ADF707918ED,Ndsp User Login Gateway,CLUSTER-3C2B33BFE5D13257,OWNER_UNASSIGNED,P3_OWNER,PLATFORM_OPERATIONS,Platform operations and service health,backend/auth_api/ndsp_user_login_gateway.cjs,LOCAL_ONLY_OR_MODIFIED,OWNER_CANDIDATE_FOUND_NOT_AUTHORITATIVE,nawaf511,SYSTEMD_EXECUTION_USER,ndsp-user-login.service,LOW,true,false
CAP-5FEF33A2C87F,Ndsp User Login Gateway,CLUSTER-56135DB7D7AC83E9,OWNER_UNASSIGNED,P3_OWNER,PLATFORM_OPERATIONS,Platform operations and service health,backend/auth_api/ndsp_user_login_gateway.cjs,LOCAL_ONLY_OR_MODIFIED,OWNER_CANDIDATE_FOUND_NOT_AUTHORITATIVE,nawaf511,SYSTEMD_EXECUTION_USER,ndsp-user-login.service,LOW,true,false
CAP-E01E3F460977,Ndsp User Login Gateway,CLUSTER-582655326350BC33,OWNER_UNASSIGNED,P3_OWNER,PLATFORM_OPERATIONS,Platform operations and service health,backend/ndsp_user_login_gateway.cjs,ON_MAIN,OWNER_CANDIDATE_FOUND_NOT_AUTHORITATIVE,nawaf511,SYSTEMD_EXECUTION_USER,ndsp-user-login.service,LOW,true,false
CAP-644C81537AC6,Ndsp User Login Gateway,CLUSTER-67D1DD2C621BA7A2,OWNER_UNASSIGNED,P3_OWNER,PLATFORM_OPERATIONS,Platform operations and service health,backend/ndsp_user_login_gateway.cjs,ON_MAIN,OWNER_CANDIDATE_FOUND_NOT_AUTHORITATIVE,nawaf511,SYSTEMD_EXECUTION_USER,ndsp-user-login.service,LOW,true,false
CAP-116FF6D929A9,Ndsp User Login Gateway,CLUSTER-754B89CD5C66FF20,OWNER_UNASSIGNED,P3_OWNER,PLATFORM_OPERATIONS,Platform operations and service health,backend/auth_api/ndsp_user_login_gateway.cjs,LOCAL_ONLY_OR_MODIFIED,OWNER_CANDIDATE_FOUND_NOT_AUTHORITATIVE,nawaf511,SYSTEMD_EXECUTION_USER,ndsp-user-login.service,LOW,true,false
CAP-4ADB944E408B,Ndsp User Login Gateway,CLUSTER-AFBD9A0F516371DC,OWNER_UNASSIGNED,P3_OWNER,PLATFORM_OPERATIONS,Platform operations and service health,backend/auth_api/ndsp_user_login_gateway.cjs,LOCAL_ONLY_OR_MODIFIED,OWNER_CANDIDATE_FOUND_NOT_AUTHORITATIVE,nawaf511,SYSTEMD_EXECUTION_USER,ndsp-user-login.service,LOW,true,false
CAP-214521E6EBD1,Ndsp User Login Gateway,CLUSTER-DE2E5802B250D7BF,OWNER_UNASSIGNED,P3_OWNER,PLATFORM_OPERATIONS,Platform operations and service health,backend/ndsp_user_login_gateway.cjs,ON_MAIN,OWNER_CANDIDATE_FOUND_NOT_AUTHORITATIVE,nawaf511,SYSTEMD_EXECUTION_USER,ndsp-user-login.service,LOW,true,false
CAP-2D0CFB1BC505,Ndsp User Login Gateway,CLUSTER-E95A56A8E3519D6A,OWNER_UNASSIGNED,P3_OWNER,PLATFORM_OPERATIONS,Platform operations and service health,backend/ndsp_user_login_gateway.cjs,ON_MAIN,OWNER_CANDIDATE_FOUND_NOT_AUTHORITATIVE,nawaf511,SYSTEMD_EXECUTION_USER,ndsp-user-login.service,LOW,true,false
CAP-15C56B60B4B0,Ndsp User Login Gateway,CLUSTER-EDC8A6285AD42668,OWNER_UNASSIGNED,P3_OWNER,PLATFORM_OPERATIONS,Platform operations and service health,backend/ndsp_user_login_gateway.cjs,ON_MAIN,OWNER_CANDIDATE_FOUND_NOT_AUTHORITATIVE,nawaf511,SYSTEMD_EXECUTION_USER,ndsp-user-login.service,LOW,true,false
CAP-C26418100904,User Operational Compat,CLUSTER-52E920E2015C88E7,OWNER_UNASSIGNED,P3_OWNER,PLATFORM_OPERATIONS,Platform operations and service health,backend/app/api/compat/user_operational_compat.py,LOCAL_ONLY_OR_MODIFIED,UNRESOLVED,,,,LOW,true,false
CAP-805630C7C819,Attach Report,CLUSTER-1A1DF77772C7862E,OWNER_UNASSIGNED,P3_OWNER,REPORTS_AND_ANALYTICS,"Reports, analytics, and evidence",backend/app/support_layers/scenario/scenario_engine.py::attach_report,LOCAL_ONLY_OR_MODIFIED,UNRESOLVED,,,,LOW,true,false
CAP-9BE0DE3ADC89,Generate Report,CLUSTER-BC5304F5A464794E,OWNER_UNASSIGNED,P3_OWNER,REPORTS_AND_ANALYTICS,"Reports, analytics, and evidence",backend/app/support_layers/scenario/scenario_engine.py::generate_report,LOCAL_ONLY_OR_MODIFIED,UNRESOLVED,,,,LOW,true,false
CAP-B39355BFBE71,Ndsp Admin Ui Proxy,CLUSTER-65E18FD59CD68EA6,OWNER_UNASSIGNED,P3_OWNER,REPORTS_AND_ANALYTICS,"Reports, analytics, and evidence",backend/ndsp_admin_ui_proxy.cjs,ON_MAIN,UNRESOLVED,,,,LOW,true,false
CAP-552A04A27A0F,Scenario Report,CLUSTER-1BD5A59391679254,OWNER_UNASSIGNED,P3_OWNER,REPORTS_AND_ANALYTICS,"Reports, analytics, and evidence",backend/app/support_layers/scenario/scenario_engine.py::ScenarioReport,LOCAL_ONLY_OR_MODIFIED,UNRESOLVED,,,,LOW,true,false
