path,source_kind,categories,risk,pr062_recommended_action,pr064a_action,evidence_flags,implementation_allowed_now,human_review_required,evidence_sample
apps/ndsp-governance-bridge/app/core/tdl_v2_policy.py,RUNTIME_IMPLEMENTATION,DIRECTION|TIME,HIGH,REPLACE_OR_WRAP,REPLACE,NONE,false,true,"13:""timing_mode"": ""control_days"", | 24:return datetime.now(timezone.utc).isoformat() | 76:now = datetime.now(timezone.utc) | 77:weekday = now.weekday() # Monday=0 ... Sunday=6 | 88:""timing_mode"": policy.get(""timing_mode"", ""control_days""),"
backend/app/api/v1/frontend_contract.py,CONTRACT,DIRECTION|TIME,HIGH,ALIGN_CONTRACT,CONTRACT_ONLY,NONE,false,true,"13:return datetime.now(timezone.utc).isoformat() | 145:started = datetime.now(timezone.utc) | 160:started = datetime.now(timezone.utc) - timedelta(days=0) | 286:""bias"": ""flat"", | 287:""horizon"": ""short"","
backend/middleware/trialGuard.js,RUNTIME_IMPLEMENTATION,TIME,HIGH,REPLACE_OR_WRAP,REPLACE,LOCAL_TIME_USAGE,false,true,"41:return date.toISOString().slice(0, 10);"
backend/ndsp_api_compat_gateway.cjs,INTEGRATION,CORE_EXPANDED|DIRECTION|TIME,HIGH,REPLACE_OR_WRAP,WRAP,NONE,false,true,24:loadEnvFile('/home/nawaf511/empire-core-new/backend/.env') | 25:loadEnvFile('/home/nawaf511/empire-core-new/backend/auth_api/.env') | 29:const JWT_SECRET = process.env.JWT_SECRET || process.env.NDSP_JWT_SECRET || process.env.ADMIN_JWT_SECRET || process.env.NDSP_ADMIN_JWT_SECRET || process.env.SESSION_SECRET || 'chan | 107:const started = u.trial_started_at || u.activated_at || new Date().toISOString()
backend/ndsp_tdl_trade_horizon_addons.cjs,RUNTIME_IMPLEMENTATION,DIRECTION|TIME,HIGH,REPLACE_OR_WRAP,REPLACE,LOCAL_TIME_USAGE,false,true,8:- Same L&M weekly direction with S weekly direction => SWING | 9:- Different L&M weekly direction from S weekly direction => SCALPING | 12:- Buy sum sign different from sell sum sign => STRONG / exposed direction | 13:- Buy sum sign same as sell sum sign => WEAK / non-explicit direction | 16:- L&M primary: Asset Managers
backend/ndsp_trial_register_gateway.cjs,INTEGRATION,DIRECTION|TIME,HIGH,REPLACE_OR_WRAP,WRAP,LOCAL_TIME_USAGE,false,true,"6:en: ""At the end of the trial period, a short survey will be provided to evaluate your NDSP experience. The survey helps improve decision quality, user experience, and the best pack | 361:Time: ${new Date().toISOString()}"
backend/ndsp_user_dashboard_gateway.cjs,INTEGRATION,DIRECTION|TIME,HIGH,REPLACE_OR_WRAP,WRAP,NONE,false,true,"245:const pct = q && q['10. change percent'] ? String(q['10. change percent']).replace('%','') : null; | 278:generated_at:new Date().toISOString(), | 438:generated_at:new Date().toISOString(),"
backend/app/support_layers/quality/decision_quality_stack.py,RUNTIME_IMPLEMENTATION,DIRECTION,MEDIUM,WRAP_OR_REPLACE,KEEP_OR_WRAP,NONE,false,true,10:- DQS must never change decision.direction.
backend/app/support_layers/scenario/scenario_engine.py,RUNTIME_IMPLEMENTATION,DIRECTION,MEDIUM,WRAP_OR_REPLACE,KEEP_OR_WRAP,NONE,false,true,12:- Does not change direction. | 13:- Does not change confidence. | 14:- Does not change risk_state. | 15:- Does not change decision_state. | 63:It has no authority to change the decision contract.
backend/ndsp_admin_actions_gateway.cjs,INTEGRATION,TIME,MEDIUM,WRAP_OR_REPLACE,KEEP_OR_WRAP,LEGACY_PATH_REFERENCE,false,true,"175:generated_at: new Date().toISOString(),"
backend/ndsp_device_guard.cjs,RUNTIME_IMPLEMENTATION,DIRECTION,MEDIUM,WRAP_OR_REPLACE,KEEP_OR_WRAP,NONE,false,true,30:'ndsp-device-guard-default-salt-change-me';
backend/ndsp_layer_name_masking_policy.cjs,RUNTIME_IMPLEMENTATION,DIRECTION,MEDIUM,WRAP_OR_REPLACE,KEEP_OR_WRAP,NONE,false,true,8:- The other 12 layer names and internal IDs are hidden.
backend/package-lock.json,CONFIG,CORE_EXPANDED,MEDIUM,REVIEW_CONFIGURATION,REVIEW_REQUIRED,NONE,false,true,"35:""node_modules/@otplib/core"": { | 37:""resolved"": ""https://registry.npmjs.org/@otplib/core/-/core-13.4.1.tgz"", | 47:""@otplib/core"": ""13.4.1"", | 57:""@otplib/core"": ""13.4.1"", | 68:""@otplib/core"": ""13.4.1"""
backend/tests/pr024-critical-contracts.test.cjs,TEST,CORE_EXPANDED,MEDIUM,ADD_REGRESSION_TESTS,TEST_ONLY,NONE,false,true,"9:const plans = [{""capability_id"": ""CAP-235EF538DEF9"", ""capability_name"": ""Auth Reset"", ""required_test_type"": ""API_CONTRACT_AND_REAL_DATA_INTEGRATION_TEST"", ""required_assertions"": ""s | 24:const localPrefix = '/home/nawaf511/empire-core-new/';"
apps/ndsp-governance-bridge/app/core/__init__.py,RUNTIME_IMPLEMENTATION,CORE_EXPANDED,LOW,REVIEW,KEEP_OR_WRAP,NONE,false,true,"1:""""""Core services for the NDSP governance bridge."""""""
apps/ndsp-governance-bridge/policies/admin_snapshot/tdl_v2_policy_admin.py,RUNTIME_IMPLEMENTATION,CORE_EXPANDED|TIME,LOW,REVIEW,KEEP_OR_WRAP,NONE,false,true,"9:from app.core.tdl_v2_policy import read_tdl_v2_policy, write_tdl_v2_policy | 122:if ""timing_mode"" in updates and updates[""timing_mode""] not in {""control_days"", ""bypassed"", ""experimental""}: | 141:{""timing_layer_enabled"": True, ""timing_mode"": ""control_days""},"
backend/ndsp_admin_extension.cjs,RUNTIME_IMPLEMENTATION,CORE_EXPANDED,LOW,REVIEW,KEEP_OR_WRAP,NONE,false,true,"231:admin.get('/health', (_req, res) => res.json({ ok: true, service: 'ndsp-admin-api' })); | 746:console.log('✅ NDSP admin API mounted on /api/admin');"
backend/ndsp_admin_migrate.cjs,RUNTIME_IMPLEMENTATION,CORE_EXPANDED|DIRECTION,LOW,REVIEW,KEEP_OR_WRAP,NONE,false,true,"110:('sovereign_core', 'Sovereign Core', 'طبقة سيادية محمية', FALSE, TRUE, 100), | 194:EXCEPTION WHEN others THEN"
backend/ndsp_admin_ui_proxy.cjs,RUNTIME_IMPLEMENTATION,CORE_EXPANDED|TIME,LOW,REVIEW,KEEP_OR_WRAP,NONE,false,true,26:loadEnvFile('/home/nawaf511/empire-core-new/backend/.env') | 27:loadEnvFile('/home/nawaf511/empire-core-new/backend/auth_api/.env') | 224:const NDSP_ALERT_STATE_FILE = '/home/nawaf511/empire-core-new/backend/auth_api/ndsp_alert_channels_state.json' | 361:timestamp:new Date().toISOString()
backend/ndsp_admin_users_official_readonly.cjs,RUNTIME_IMPLEMENTATION,CORE_EXPANDED,LOW,REVIEW,KEEP_OR_WRAP,NONE,false,true,"28:'/home/nawaf511/empire-core-new/backend/.env', | 29:'/home/nawaf511/empire-core-new/backend/auth_api/.env'"
backend/ndsp_one_device_one_account.sh,RUNTIME_IMPLEMENTATION,CORE_EXPANDED|DIRECTION,LOW,REVIEW,KEEP_OR_WRAP,LEGACY_PATH_REFERENCE,false,true,"6:BACKEND_DIR=""/home/nawaf511/empire-core-new/backend/auth_api"" | 125:'ndsp-device-guard-default-salt-change-me';"
backend/ndsp_platform_gateway_9001.cjs,INTEGRATION,CORE_EXPANDED,LOW,REVIEW,KEEP_OR_WRAP,NONE,false,true,"118:public_api_namespace: '/api',"
backend/ndsp_user_login_gateway.cjs,INTEGRATION,CORE_EXPANDED|TIME,LOW,REVIEW,KEEP_OR_WRAP,NONE,false,true,"28:loadEnvFile('/home/nawaf511/empire-core-new/backend/.env') | 29:loadEnvFile('/home/nawaf511/empire-core-new/backend/auth_api/.env') | 234:timestamp: new Date().toISOString(),"
backend/server.js,INTEGRATION,CORE_EXPANDED|TIME,LOW,REVIEW,KEEP_OR_WRAP,NONE,false,true,44:const { installTrialInfo } = require('/home/nawaf511/empire-core-new/backend/auth_api/ndsp_trial_info.cjs'); | 54:const { installNowPayments } = require('/home/nawaf511/empire-core-new/backend/auth_api/ndsp_nowpayments.cjs'); | 69:const { installDeviceRegistrationGuard } = require('/home/nawaf511/empire-core-new/backend/auth_api/ndsp_device_guard.cjs'); | 80:const { installNdspAdminExtension } = require('/home/nawaf511/empire-core-new/backend/auth_api/ndsp_admin_extension.cjs'); | 1195:ndspReadEnvFileSafe('/home/nawaf511/empire-core-new/backend/.env');
