capability_id,capability_name,source_evidenced,service_evidenced,endpoint_evidenced,real_data_evidenced,calculation_evidenced,test_evidenced,ui_evidenced,runtime_evidenced,passed_dimension_count,total_dimension_count,remaining_gaps,recalculated_status,priority,existing_coverage_state,data_state,last_verified_at
CAP-F5C8984FC6A0,About,true,false,true,true,false,true,true,false,5,7,SERVICE|CALCULATION,PARTIALLY_EVIDENCED,P0_CRITICAL,UI_PARTIAL,REAL_SNAPSHOT,2026-08-01T11:05:40.796869+00:00
CAP-8CF3F7EFFA7B,Account Trial,true,false,true,true,false,true,false,false,4,7,SERVICE|CALCULATION|UI,PARTIALLY_EVIDENCED,P0_CRITICAL,UI_PARTIAL,REAL_SNAPSHOT,2026-08-01T11:05:40.796869+00:00
CAP-E739D717BE35,Admin Health,true,false,true,true,false,true,false,false,4,7,SERVICE|CALCULATION|UI,PARTIALLY_EVIDENCED,P0_CRITICAL,UI_PARTIAL,REAL_SNAPSHOT,2026-08-01T11:05:40.796869+00:00
CAP-A069C614B1B1,Admin Layers,true,false,true,true,false,true,false,false,4,7,SERVICE|CALCULATION|UI,PARTIALLY_EVIDENCED,P0_CRITICAL,UI_PARTIAL,REAL_SNAPSHOT,2026-08-01T11:05:40.796869+00:00
CAP-6F5DF526EE59,Admin Only,true,true,true,true,true,true,false,true,6,7,UI,PARTIALLY_EVIDENCED,P3_UI,UI_PARTIAL,REAL_SNAPSHOT,2026-07-31T23:17:31Z
CAP-B2BAF38F8204,Admin Only,true,true,true,true,true,true,false,false,6,7,UI,PARTIALLY_EVIDENCED,P3_UI,UI_PARTIAL,REAL_SNAPSHOT,2026-07-31T22:08:07Z
CAP-3FBDCF7CE0E5,Admin Payment Approve,true,false,true,true,false,true,false,false,4,7,SERVICE|CALCULATION|UI,PARTIALLY_EVIDENCED,P0_CRITICAL,UI_PARTIAL,REAL_SNAPSHOT,2026-08-01T11:05:40.796869+00:00
CAP-531AC9AE3E7D,Admin Payment Reject,true,false,true,true,false,true,false,false,4,7,SERVICE|CALCULATION|UI,PARTIALLY_EVIDENCED,P0_CRITICAL,UI_PARTIAL,REAL_SNAPSHOT,2026-08-01T11:05:40.796869+00:00
CAP-BE68902B1F61,Admin Payments,true,false,true,true,false,true,false,false,4,7,SERVICE|CALCULATION|UI,PARTIALLY_EVIDENCED,P0_CRITICAL,UI_PARTIAL,REAL_SNAPSHOT,2026-08-01T11:05:40.796869+00:00
CAP-968B626DE9C3,Admin Registration Decision,true,false,true,true,false,true,false,false,4,7,SERVICE|CALCULATION|UI,PARTIALLY_EVIDENCED,P0_CRITICAL,UI_PARTIAL,REAL_SNAPSHOT,2026-08-01T11:05:40.796869+00:00
CAP-38A2585A38E0,Admin Registrations,true,false,true,true,false,true,false,false,4,7,SERVICE|CALCULATION|UI,PARTIALLY_EVIDENCED,P0_CRITICAL,UI_PARTIAL,REAL_SNAPSHOT,2026-08-01T11:05:40.796869+00:00
CAP-ED7AC36DD2F2,Admin Trials,true,false,true,true,false,true,false,false,4,7,SERVICE|CALCULATION|UI,PARTIALLY_EVIDENCED,P0_CRITICAL,UI_PARTIAL,REAL_SNAPSHOT,2026-08-01T11:05:40.796869+00:00
CAP-E668719D9AD9,Alert Prefs Get,true,false,true,true,true,true,false,false,5,7,SERVICE|UI,PARTIALLY_EVIDENCED,P0_CRITICAL,UI_PARTIAL,REAL_SNAPSHOT,2026-08-01T11:05:40.796869+00:00
CAP-606E55E95DA2,Alert Prefs Payload,true,false,true,true,false,true,false,false,4,7,SERVICE|CALCULATION|UI,PARTIALLY_EVIDENCED,P0_CRITICAL,UI_PARTIAL,REAL_SNAPSHOT,2026-08-01T11:05:40.796869+00:00
CAP-70F625B28F63,Alert Prefs Post,true,false,true,true,true,true,true,false,6,7,SERVICE,PARTIALLY_EVIDENCED,P0_CRITICAL,API_CONNECTED,REAL_SNAPSHOT,2026-08-01T11:05:40.796869+00:00
CAP-2B9AC68DB1D6,Assert No Decision Mutation,true,true,false,true,false,true,true,false,5,7,ENDPOINT|CALCULATION,PARTIALLY_EVIDENCED,P0_CRITICAL,UI_PARTIAL,REAL_SNAPSHOT,2026-08-01T11:05:40.796869+00:00
CAP-798893D4D6E0,Asset Decision,true,false,true,true,false,true,false,false,4,7,SERVICE|CALCULATION|UI,PARTIALLY_EVIDENCED,P0_CRITICAL,UI_PARTIAL,REAL_SNAPSHOT,2026-08-01T11:05:40.796869+00:00
CAP-805630C7C819,Attach Report,true,true,false,true,false,true,true,false,5,7,ENDPOINT|CALCULATION,PARTIALLY_EVIDENCED,P0_CRITICAL,SERVICE_CONNECTED,REAL_SNAPSHOT,2026-08-01T11:05:40.796869+00:00
CAP-ED8397248098,Auth,true,true,true,true,true,true,false,false,6,7,UI,PARTIALLY_EVIDENCED,P3_UI,UI_PARTIAL,REAL_SNAPSHOT,2026-07-31T22:08:07Z
CAP-63C8FEAE8B5B,Auth 2Fa Verify,true,false,true,true,false,true,false,false,4,7,SERVICE|CALCULATION|UI,PARTIALLY_EVIDENCED,P0_CRITICAL,UI_PARTIAL,REAL_SNAPSHOT,2026-08-01T11:05:40.796869+00:00
CAP-538062400EBA,Auth Forgot,true,false,true,true,false,true,false,false,4,7,SERVICE|CALCULATION|UI,PARTIALLY_EVIDENCED,P0_CRITICAL,UI_PARTIAL,REAL_SNAPSHOT,2026-08-01T11:05:40.796869+00:00
CAP-DA1498962CCC,Auth Login,true,false,true,true,false,true,false,false,4,7,SERVICE|CALCULATION|UI,PARTIALLY_EVIDENCED,P0_CRITICAL,UI_PARTIAL,REAL_SNAPSHOT,2026-08-01T11:05:40.796869+00:00
CAP-81A7994FF55D,Auth Magic Link,true,false,true,true,false,true,false,false,4,7,SERVICE|CALCULATION|UI,PARTIALLY_EVIDENCED,P0_CRITICAL,UI_PARTIAL,REAL_SNAPSHOT,2026-08-01T11:05:40.796869+00:00
CAP-D2D57F714E79,Auth Magic Link Verify,true,false,true,true,false,true,false,false,4,7,SERVICE|CALCULATION|UI,PARTIALLY_EVIDENCED,P0_CRITICAL,UI_PARTIAL,REAL_SNAPSHOT,2026-08-01T11:05:40.796869+00:00
CAP-DECAE45DE878,Auth Optional,true,true,true,true,true,true,false,false,6,7,UI,PARTIALLY_EVIDENCED,P3_UI,UI_PARTIAL,REAL_SNAPSHOT,2026-07-31T22:08:07Z
CAP-367A94FB6D59,Auth Register,true,false,true,true,false,true,false,false,4,7,SERVICE|CALCULATION|UI,PARTIALLY_EVIDENCED,P0_CRITICAL,UI_PARTIAL,REAL_SNAPSHOT,2026-08-01T11:05:40.796869+00:00
CAP-7E1F66F717A1,Auth Required,true,true,true,true,true,true,false,false,6,7,UI,PARTIALLY_EVIDENCED,P3_UI,UI_PARTIAL,REAL_SNAPSHOT,2026-07-31T22:08:07Z
CAP-A231BBA8D29D,Auth Required,true,true,true,true,true,true,false,true,6,7,UI,PARTIALLY_EVIDENCED,P3_UI,UI_PARTIAL,REAL_SNAPSHOT,2026-07-31T23:17:31Z
CAP-235EF538DEF9,Auth Reset,true,false,true,true,false,true,true,false,5,7,SERVICE|CALCULATION,PARTIALLY_EVIDENCED,P0_CRITICAL,UI_PARTIAL,REAL_SNAPSHOT,2026-08-01T11:05:40.796869+00:00
CAP-1653A8452D19,Compute From Active Engine,true,false,true,true,false,true,false,false,4,7,SERVICE|CALCULATION|UI,PARTIALLY_EVIDENCED,P0_CRITICAL,SOURCE_IDENTIFIED,REAL_SNAPSHOT,2026-08-01T11:05:40.796869+00:00
CAP-E4B4728311F0,Decision Quality Public,true,false,true,true,true,true,true,false,6,7,SERVICE,PARTIALLY_EVIDENCED,P0_CRITICAL,API_CONNECTED,REAL_SNAPSHOT,2026-08-01T11:05:40.796869+00:00
CAP-935E1E26D22F,Dqsrisk State,true,false,false,true,false,true,true,false,4,7,SERVICE|ENDPOINT|CALCULATION,PARTIALLY_EVIDENCED,P0_CRITICAL,UI_PARTIAL,REAL_SNAPSHOT,2026-08-01T11:05:40.796869+00:00
CAP-8189CA8761C9,Dynamic Quality Score,true,true,true,true,true,true,false,false,6,7,UI,PARTIALLY_EVIDENCED,P3_UI,SERVICE_CONNECTED,REAL_SNAPSHOT,2026-07-31T22:08:07Z
CAP-4515D5FBBBF3,Framework Adapter,true,false,true,true,true,true,true,false,6,7,SERVICE,PARTIALLY_EVIDENCED,P0_CRITICAL,UI_PARTIAL,REAL_SNAPSHOT,2026-08-01T11:05:40.796869+00:00
CAP-A34761515678,Framework Adapter,true,false,true,true,true,true,true,false,6,7,SERVICE,PARTIALLY_EVIDENCED,P0_CRITICAL,UI_PARTIAL,REAL_SNAPSHOT,2026-08-01T11:05:40.796869+00:00
CAP-D64F1CFB3F24,Framework Adapter,true,false,true,true,true,true,true,false,6,7,SERVICE,PARTIALLY_EVIDENCED,P0_CRITICAL,UI_PARTIAL,REAL_SNAPSHOT,2026-08-01T11:05:40.796869+00:00
CAP-D93913F10664,Framework Adapter,true,false,true,true,true,true,true,false,6,7,SERVICE,PARTIALLY_EVIDENCED,P0_CRITICAL,UI_PARTIAL,REAL_SNAPSHOT,2026-08-01T11:05:40.796869+00:00
CAP-071618E88E83,Frontend Contract,true,false,true,true,true,true,true,false,6,7,SERVICE,PARTIALLY_EVIDENCED,P0_CRITICAL,API_CONNECTED,REAL_SNAPSHOT,2026-08-01T11:05:40.796869+00:00
CAP-0CE111E47411,Frontend Contract,true,false,true,true,true,true,true,false,6,7,SERVICE,PARTIALLY_EVIDENCED,P0_CRITICAL,API_CONNECTED,REAL_SNAPSHOT,2026-08-01T11:05:40.796869+00:00
CAP-10D53C6D7918,Frontend Contract,true,false,true,true,true,true,true,false,6,7,SERVICE,PARTIALLY_EVIDENCED,P0_CRITICAL,API_CONNECTED,REAL_SNAPSHOT,2026-08-01T11:05:40.796869+00:00
CAP-11BF5E282765,Frontend Contract,true,false,true,true,true,true,true,false,6,7,SERVICE,PARTIALLY_EVIDENCED,P0_CRITICAL,API_CONNECTED,REAL_SNAPSHOT,2026-08-01T11:05:40.796869+00:00
CAP-1736E39D1CE4,Frontend Contract,true,false,true,true,true,true,true,true,6,7,SERVICE,PARTIALLY_EVIDENCED,P0_CRITICAL,API_CONNECTED,REAL_LIVE,2026-08-01T11:05:40.796869+00:00
CAP-2CC212BF4F8E,Frontend Contract,true,false,true,true,true,true,true,false,6,7,SERVICE,PARTIALLY_EVIDENCED,P0_CRITICAL,API_CONNECTED,REAL_SNAPSHOT,2026-08-01T11:05:40.796869+00:00
CAP-2CD69A7EA838,Frontend Contract,true,false,true,true,true,true,true,false,6,7,SERVICE,PARTIALLY_EVIDENCED,P0_CRITICAL,UI_PARTIAL,REAL_SNAPSHOT,2026-08-01T11:05:40.796869+00:00
CAP-3965B46743DE,Frontend Contract,true,false,true,true,true,true,true,false,6,7,SERVICE,PARTIALLY_EVIDENCED,P0_CRITICAL,UI_PARTIAL,REAL_SNAPSHOT,2026-08-01T11:05:40.796869+00:00
CAP-4804EA150D2F,Frontend Contract,true,false,true,true,true,true,true,false,6,7,SERVICE,PARTIALLY_EVIDENCED,P0_CRITICAL,API_CONNECTED,REAL_SNAPSHOT,2026-08-01T11:05:40.796869+00:00
CAP-538A80545E29,Frontend Contract,true,false,true,true,true,true,true,false,6,7,SERVICE,PARTIALLY_EVIDENCED,P0_CRITICAL,API_CONNECTED,REAL_SNAPSHOT,2026-08-01T11:05:40.796869+00:00
CAP-55015F233F5A,Frontend Contract,true,false,true,true,true,true,true,true,6,7,SERVICE,PARTIALLY_EVIDENCED,P0_CRITICAL,API_CONNECTED,REAL_LIVE,2026-08-01T11:05:40.796869+00:00
CAP-5B18901D1F22,Frontend Contract,true,false,true,true,true,true,true,false,6,7,SERVICE,PARTIALLY_EVIDENCED,P0_CRITICAL,API_CONNECTED,REAL_SNAPSHOT,2026-08-01T11:05:40.796869+00:00
CAP-636B50FAED04,Frontend Contract,true,false,true,true,true,true,true,false,6,7,SERVICE,PARTIALLY_EVIDENCED,P0_CRITICAL,API_CONNECTED,REAL_SNAPSHOT,2026-08-01T11:05:40.796869+00:00
CAP-6F83F74440AE,Frontend Contract,true,false,true,true,true,true,true,true,6,7,SERVICE,PARTIALLY_EVIDENCED,P0_CRITICAL,API_CONNECTED,REAL_LIVE,2026-08-01T11:05:40.796869+00:00
CAP-7A9637DD3A75,Frontend Contract,true,false,true,true,true,true,true,true,6,7,SERVICE,PARTIALLY_EVIDENCED,P0_CRITICAL,API_CONNECTED,REAL_LIVE,2026-08-01T11:05:40.796869+00:00
CAP-862CD297F1FD,Frontend Contract,true,false,true,true,true,true,true,false,6,7,SERVICE,PARTIALLY_EVIDENCED,P0_CRITICAL,UI_PARTIAL,REAL_SNAPSHOT,2026-08-01T11:05:40.796869+00:00
CAP-8BCDCDA9FCED,Frontend Contract,true,false,true,true,true,true,true,false,6,7,SERVICE,PARTIALLY_EVIDENCED,P0_CRITICAL,API_CONNECTED,REAL_SNAPSHOT,2026-08-01T11:05:40.796869+00:00
CAP-8BFCC7DDCBE0,Frontend Contract,true,false,true,true,true,true,true,false,6,7,SERVICE,PARTIALLY_EVIDENCED,P0_CRITICAL,API_CONNECTED,REAL_SNAPSHOT,2026-08-01T11:05:40.796869+00:00
CAP-931E56E35D55,Frontend Contract,true,false,true,true,true,true,true,false,6,7,SERVICE,PARTIALLY_EVIDENCED,P0_CRITICAL,API_CONNECTED,REAL_SNAPSHOT,2026-08-01T11:05:40.796869+00:00
CAP-9F3B6AAA223B,Frontend Contract,true,false,true,true,true,true,true,false,6,7,SERVICE,PARTIALLY_EVIDENCED,P0_CRITICAL,API_CONNECTED,REAL_SNAPSHOT,2026-08-01T11:05:40.796869+00:00
CAP-A57ECAABD0D2,Frontend Contract,true,false,true,true,true,true,true,false,6,7,SERVICE,PARTIALLY_EVIDENCED,P0_CRITICAL,API_CONNECTED,REAL_SNAPSHOT,2026-08-01T11:05:40.796869+00:00
CAP-A5C181808EF6,Frontend Contract,true,false,true,true,true,true,true,true,6,7,SERVICE,PARTIALLY_EVIDENCED,P0_CRITICAL,API_CONNECTED,REAL_LIVE,2026-08-01T11:05:40.796869+00:00
CAP-B167184CBF84,Frontend Contract,true,false,true,true,true,true,true,false,6,7,SERVICE,PARTIALLY_EVIDENCED,P0_CRITICAL,API_CONNECTED,REAL_SNAPSHOT,2026-08-01T11:05:40.796869+00:00
CAP-B81607E6BCDB,Frontend Contract,true,false,true,true,true,true,true,false,6,7,SERVICE,PARTIALLY_EVIDENCED,P0_CRITICAL,API_CONNECTED,REAL_SNAPSHOT,2026-08-01T11:05:40.796869+00:00
CAP-BD19C45FECD0,Frontend Contract,true,false,true,true,true,true,true,true,6,7,SERVICE,PARTIALLY_EVIDENCED,P0_CRITICAL,API_CONNECTED,REAL_LIVE,2026-08-01T11:05:40.796869+00:00
CAP-C250957D114F,Frontend Contract,true,false,true,true,true,true,true,true,6,7,SERVICE,PARTIALLY_EVIDENCED,P0_CRITICAL,API_CONNECTED,REAL_LIVE,2026-08-01T11:05:40.796869+00:00
CAP-C514A0947E28,Frontend Contract,true,false,true,true,true,true,true,true,6,7,SERVICE,PARTIALLY_EVIDENCED,P0_CRITICAL,API_CONNECTED,REAL_LIVE,2026-08-01T11:05:40.796869+00:00
CAP-C8C94E7A8122,Frontend Contract,true,false,true,true,true,true,true,false,6,7,SERVICE,PARTIALLY_EVIDENCED,P0_CRITICAL,UI_PARTIAL,REAL_SNAPSHOT,2026-08-01T11:05:40.796869+00:00
CAP-C95B03AE5FFB,Frontend Contract,true,false,true,true,true,true,true,false,6,7,SERVICE,PARTIALLY_EVIDENCED,P0_CRITICAL,API_CONNECTED,REAL_SNAPSHOT,2026-08-01T11:05:40.796869+00:00
CAP-D0B86CD5E331,Frontend Contract,true,false,true,true,true,true,true,false,6,7,SERVICE,PARTIALLY_EVIDENCED,P0_CRITICAL,UI_PARTIAL,REAL_SNAPSHOT,2026-08-01T11:05:40.796869+00:00
CAP-D6102C7DC3C1,Frontend Contract,true,false,true,true,true,true,true,false,6,7,SERVICE,PARTIALLY_EVIDENCED,P0_CRITICAL,API_CONNECTED,REAL_SNAPSHOT,2026-08-01T11:05:40.796869+00:00
CAP-D8194AB79967,Frontend Contract,true,false,true,true,true,true,true,true,6,7,SERVICE,PARTIALLY_EVIDENCED,P0_CRITICAL,API_CONNECTED,REAL_LIVE,2026-08-01T11:05:40.796869+00:00
CAP-E9D779AE5200,Frontend Contract,true,false,true,true,true,true,true,false,6,7,SERVICE,PARTIALLY_EVIDENCED,P0_CRITICAL,API_CONNECTED,REAL_SNAPSHOT,2026-08-01T11:05:40.796869+00:00
CAP-F0AA44F7E81A,Frontend Contract,true,false,true,true,true,true,true,false,6,7,SERVICE,PARTIALLY_EVIDENCED,P0_CRITICAL,API_CONNECTED,REAL_SNAPSHOT,2026-08-01T11:05:40.796869+00:00
CAP-F150D0BAA604,Frontend Contract,true,false,true,true,true,true,true,false,6,7,SERVICE,PARTIALLY_EVIDENCED,P0_CRITICAL,API_CONNECTED,REAL_SNAPSHOT,2026-08-01T11:05:40.796869+00:00
CAP-F402D935EFF7,Frontend Contract,true,false,true,true,true,true,true,false,6,7,SERVICE,PARTIALLY_EVIDENCED,P0_CRITICAL,API_CONNECTED,REAL_SNAPSHOT,2026-08-01T11:05:40.796869+00:00
CAP-FA44BA71A8B0,Frontend Contract,true,false,true,true,true,true,true,false,6,7,SERVICE,PARTIALLY_EVIDENCED,P0_CRITICAL,API_CONNECTED,REAL_SNAPSHOT,2026-08-01T11:05:40.796869+00:00
CAP-F6B5F7A0A680,Frontend Fields Api,true,false,true,true,true,true,true,true,6,7,SERVICE,PARTIALLY_EVIDENCED,P0_CRITICAL,API_CONNECTED,REAL_LIVE,2026-08-01T11:05:40.796869+00:00
CAP-9BE0DE3ADC89,Generate Report,true,true,false,true,false,true,true,false,5,7,ENDPOINT|CALCULATION,PARTIALLY_EVIDENCED,P0_CRITICAL,SERVICE_CONNECTED,REAL_SNAPSHOT,2026-08-01T11:05:40.796869+00:00
CAP-75CF22E0AFA6,Get Alert Prefs,true,false,true,true,false,true,false,false,4,7,SERVICE|CALCULATION|UI,PARTIALLY_EVIDENCED,P0_CRITICAL,UI_PARTIAL,REAL_SNAPSHOT,2026-08-01T11:05:40.796869+00:00
CAP-B89CF4208B10,Grade From Score,true,false,false,true,false,true,true,false,4,7,SERVICE|ENDPOINT|CALCULATION,PARTIALLY_EVIDENCED,P0_CRITICAL,UI_PARTIAL,REAL_SNAPSHOT,2026-08-01T11:05:40.796869+00:00
CAP-EEDDE460DD9C,Health,true,false,true,true,false,true,true,false,5,7,SERVICE|CALCULATION,PARTIALLY_EVIDENCED,P0_CRITICAL,UI_PARTIAL,REAL_SNAPSHOT,2026-08-01T11:05:40.796869+00:00
CAP-4EB8C4DDA8E9,Market Type,true,true,true,true,true,true,false,false,6,7,UI,PARTIALLY_EVIDENCED,P3_UI,SERVICE_CONNECTED,REAL_SNAPSHOT,2026-07-31T22:08:07Z
CAP-A1CD5A0B9B66,Market Type For,true,true,false,true,true,true,true,false,6,7,ENDPOINT,PARTIALLY_EVIDENCED,P0_CRITICAL,SERVICE_CONNECTED,REAL_SNAPSHOT,2026-08-01T11:05:40.796869+00:00
CAP-F8EDAA44375A,Markets,true,false,true,true,false,true,false,false,4,7,SERVICE|CALCULATION|UI,PARTIALLY_EVIDENCED,P0_CRITICAL,UI_PARTIAL,REAL_SNAPSHOT,2026-08-01T11:05:40.796869+00:00
CAP-B742DDE3B851,Me Subscription,true,false,true,true,false,true,false,false,4,7,SERVICE|CALCULATION|UI,PARTIALLY_EVIDENCED,P0_CRITICAL,UI_PARTIAL,REAL_SNAPSHOT,2026-08-01T11:05:40.796869+00:00
CAP-D0B77E088DEE,Ndsp Admin Actions Authoritative,true,true,true,true,true,true,false,false,6,7,UI,PARTIALLY_EVIDENCED,P3_UI,API_CONNECTED,REAL_SNAPSHOT,2026-07-31T22:08:07Z
CAP-3ACB19AAC8FC,Ndsp Admin Actions Bypass Old Middleware,true,true,true,true,true,true,false,false,6,7,UI,PARTIALLY_EVIDENCED,P3_UI,API_CONNECTED,REAL_SNAPSHOT,2026-07-31T22:08:07Z
CAP-C216A7C8548C,Ndsp Admin Actions Bypass Old Middleware,true,true,true,true,true,true,false,false,6,7,UI,PARTIALLY_EVIDENCED,P3_UI,API_CONNECTED,REAL_SNAPSHOT,2026-07-31T22:08:07Z
CAP-09B689D81772,Ndsp Admin Ui Proxy,true,true,true,true,true,true,false,false,6,7,UI,PARTIALLY_EVIDENCED,P3_UI,API_CONNECTED,REAL_SNAPSHOT,2026-07-31T22:08:07Z
CAP-0D4E2C940F8F,Ndsp Admin Ui Proxy,true,true,true,true,true,true,false,false,6,7,UI,PARTIALLY_EVIDENCED,P3_UI,API_CONNECTED,REAL_SNAPSHOT,2026-07-31T22:08:07Z
CAP-255A55D1B989,Ndsp Admin Ui Proxy,true,true,true,true,true,true,false,false,6,7,UI,PARTIALLY_EVIDENCED,P3_UI,API_CONNECTED,REAL_SNAPSHOT,2026-07-31T22:08:07Z
CAP-3E2090989150,Ndsp Admin Ui Proxy,true,true,true,true,true,true,false,false,6,7,UI,PARTIALLY_EVIDENCED,P3_UI,API_CONNECTED,REAL_SNAPSHOT,2026-07-31T22:08:07Z
CAP-43B04D28A46B,Ndsp Admin Ui Proxy,true,true,true,true,true,true,false,false,6,7,UI,PARTIALLY_EVIDENCED,P3_UI,API_CONNECTED,REAL_SNAPSHOT,2026-07-31T22:08:07Z
CAP-54AB364B10F5,Ndsp Admin Ui Proxy,true,true,true,true,true,true,false,false,6,7,UI,PARTIALLY_EVIDENCED,P3_UI,API_CONNECTED,REAL_SNAPSHOT,2026-07-31T22:08:07Z
CAP-77CF58DFBBF6,Ndsp Admin Ui Proxy,true,true,true,true,true,true,false,false,6,7,UI,PARTIALLY_EVIDENCED,P3_UI,API_CONNECTED,REAL_SNAPSHOT,2026-07-31T22:08:07Z
CAP-7F41666FC0D4,Ndsp Admin Ui Proxy,true,true,true,true,true,true,false,false,6,7,UI,PARTIALLY_EVIDENCED,P3_UI,API_CONNECTED,REAL_SNAPSHOT,2026-07-31T22:08:07Z
CAP-B25ABE2AD98F,Ndsp Admin Ui Proxy,true,true,true,true,true,true,false,false,6,7,UI,PARTIALLY_EVIDENCED,P3_UI,API_CONNECTED,REAL_SNAPSHOT,2026-07-31T22:08:07Z
CAP-BE5C7B84201D,Ndsp Admin Ui Proxy,true,true,true,true,true,true,false,false,6,7,UI,PARTIALLY_EVIDENCED,P3_UI,API_CONNECTED,REAL_SNAPSHOT,2026-07-31T22:08:07Z
CAP-C58E98CA2D3A,Ndsp Admin Ui Proxy,true,true,true,true,true,true,false,false,6,7,UI,PARTIALLY_EVIDENCED,P3_UI,API_CONNECTED,REAL_SNAPSHOT,2026-07-31T22:08:07Z
CAP-C8F6891BC250,Ndsp Admin Ui Proxy,true,true,true,true,true,true,false,false,6,7,UI,PARTIALLY_EVIDENCED,P3_UI,API_CONNECTED,REAL_SNAPSHOT,2026-07-31T22:08:07Z
CAP-F1EB25BD9898,Ndsp Admin Ui Proxy,true,true,true,true,true,true,false,false,6,7,UI,PARTIALLY_EVIDENCED,P3_UI,API_CONNECTED,REAL_SNAPSHOT,2026-07-31T22:08:07Z
CAP-A1DBE2356637,Ndsp Api Compat Gateway,true,true,true,true,true,true,false,false,6,7,UI,PARTIALLY_EVIDENCED,P3_UI,API_CONNECTED,REAL_SNAPSHOT,2026-07-31T22:08:07Z
CAP-A323993993E5,Ndsp Api Compat Gateway,true,true,true,true,true,true,false,false,6,7,UI,PARTIALLY_EVIDENCED,P3_UI,API_CONNECTED,REAL_SNAPSHOT,2026-07-31T22:08:07Z
CAP-B2C76796BD6C,Ndsp Api Compat Gateway,true,true,true,true,true,true,false,false,6,7,UI,PARTIALLY_EVIDENCED,P3_UI,API_CONNECTED,REAL_SNAPSHOT,2026-07-31T22:08:07Z
CAP-B800EB18EDBC,Ndsp Api Compat Gateway,true,true,true,true,true,true,false,false,6,7,UI,PARTIALLY_EVIDENCED,P3_UI,API_CONNECTED,REAL_SNAPSHOT,2026-07-31T22:08:07Z
CAP-F66DBAC61596,Ndsp Api Compat Gateway,true,true,true,true,true,true,false,false,6,7,UI,PARTIALLY_EVIDENCED,P3_UI,API_CONNECTED,REAL_SNAPSHOT,2026-07-31T22:08:07Z
CAP-29DCBEF0D49C,Ndsp Nowpayments,true,false,true,true,true,true,true,false,6,7,SERVICE,PARTIALLY_EVIDENCED,P0_CRITICAL,API_CONNECTED,REAL_LIVE,2026-08-01T11:05:40.796869+00:00
CAP-70C19D24087E,Ndsp Nowpayments,true,false,true,true,true,true,true,false,6,7,SERVICE,PARTIALLY_EVIDENCED,P0_CRITICAL,API_CONNECTED,REAL_LIVE,2026-08-01T11:05:40.796869+00:00
CAP-7AF5F3CAE976,Ndsp Nowpayments,true,false,true,true,true,true,true,false,6,7,SERVICE,PARTIALLY_EVIDENCED,P0_CRITICAL,API_CONNECTED,REAL_LIVE,2026-08-01T11:05:40.796869+00:00
CAP-DBE4CDD3AB94,Ndsp Nowpayments,true,false,true,true,true,true,true,false,6,7,SERVICE,PARTIALLY_EVIDENCED,P0_CRITICAL,API_CONNECTED,REAL_LIVE,2026-08-01T11:05:40.796869+00:00
CAP-0622719B013B,Ndsp Public Quality Unique,true,false,true,true,true,true,true,false,6,7,SERVICE,PARTIALLY_EVIDENCED,P0_CRITICAL,API_CONNECTED,REAL_SNAPSHOT,2026-08-01T11:05:40.796869+00:00
CAP-89CA79DDADE2,Ndsp Read Alert State,true,true,true,true,true,true,false,true,6,7,UI,PARTIALLY_EVIDENCED,P3_UI,UI_PARTIAL,REAL_SNAPSHOT,2026-07-31T23:17:31Z
CAP-B227DA36FA9B,Ndsp Read Alert State,true,true,true,true,true,true,false,false,6,7,UI,PARTIALLY_EVIDENCED,P3_UI,UI_PARTIAL,REAL_SNAPSHOT,2026-07-31T22:08:07Z
CAP-461745E841AB,Ndsp Trial Info,true,false,true,true,true,true,true,false,6,7,SERVICE,PARTIALLY_EVIDENCED,P0_CRITICAL,API_CONNECTED,REAL_SNAPSHOT,2026-08-01T11:05:40.796869+00:00
CAP-2D45C5C1A44B,Ndsp User Dashboard Gateway,true,true,true,true,true,true,false,false,6,7,UI,PARTIALLY_EVIDENCED,P3_UI,API_CONNECTED,REAL_SNAPSHOT,2026-07-31T22:08:07Z
CAP-0843B421B752,Ndsp User Login Gateway,true,true,true,true,true,true,false,false,6,7,UI,PARTIALLY_EVIDENCED,P3_UI,API_CONNECTED,REAL_SNAPSHOT,2026-07-31T22:08:07Z
CAP-376A2E7311B7,Ndsp User Login Gateway,true,true,true,true,true,true,false,false,6,7,UI,PARTIALLY_EVIDENCED,P3_UI,API_CONNECTED,REAL_SNAPSHOT,2026-07-31T22:08:07Z
CAP-3B516BFCFA39,Ndsp User Login Gateway,true,true,true,true,true,true,false,false,6,7,UI,PARTIALLY_EVIDENCED,P3_UI,API_CONNECTED,REAL_SNAPSHOT,2026-07-31T22:08:07Z
CAP-50F4AF813A40,Ndsp User Login Gateway,true,true,true,true,true,true,false,false,6,7,UI,PARTIALLY_EVIDENCED,P3_UI,API_CONNECTED,REAL_SNAPSHOT,2026-07-31T22:08:07Z
CAP-7B056D6FB736,Ndsp User Login Gateway,true,true,true,true,true,true,false,false,6,7,UI,PARTIALLY_EVIDENCED,P3_UI,API_CONNECTED,REAL_SNAPSHOT,2026-07-31T22:08:07Z
CAP-7EEC4AB2500E,Ndsp User Login Gateway,true,true,true,true,true,true,false,false,6,7,UI,PARTIALLY_EVIDENCED,P3_UI,API_CONNECTED,REAL_SNAPSHOT,2026-07-31T22:08:07Z
CAP-846435C78CD1,Ndsp User Login Gateway,true,true,true,true,true,true,false,false,6,7,UI,PARTIALLY_EVIDENCED,P3_UI,API_CONNECTED,REAL_SNAPSHOT,2026-07-31T22:08:07Z
CAP-8D64F6304F2E,Ndsp User Login Gateway,true,true,true,true,true,true,false,false,6,7,UI,PARTIALLY_EVIDENCED,P3_UI,API_CONNECTED,REAL_SNAPSHOT,2026-07-31T22:08:07Z
CAP-A294A80A744D,Ndsp User Login Gateway,true,true,true,true,true,true,false,false,6,7,UI,PARTIALLY_EVIDENCED,P3_UI,API_CONNECTED,REAL_SNAPSHOT,2026-07-31T22:08:07Z
CAP-A810F8810A25,Ndsp User Login Gateway,true,true,true,true,true,true,false,false,6,7,UI,PARTIALLY_EVIDENCED,P3_UI,API_CONNECTED,REAL_SNAPSHOT,2026-07-31T22:08:07Z
CAP-A8D586B30335,Ndsp User Login Gateway,true,true,true,true,true,true,false,false,6,7,UI,PARTIALLY_EVIDENCED,P3_UI,API_CONNECTED,REAL_SNAPSHOT,2026-07-31T22:08:07Z
CAP-3F820FC0AC86,Ndsp User Portal Final Experience V1 One Script,true,false,true,true,true,true,true,false,6,7,SERVICE,PARTIALLY_EVIDENCED,P0_CRITICAL,UI_PARTIAL,REAL_LIVE,2026-08-01T11:05:40.796869+00:00
CAP-4B8CAC6792AE,Ndsp User Portal Final Experience V1 One Script,true,false,true,true,true,true,true,false,6,7,SERVICE,PARTIALLY_EVIDENCED,P0_CRITICAL,API_CONNECTED,REAL_LIVE,2026-08-01T11:05:40.796869+00:00
CAP-AD97D3157EBD,Ndsp User Portal Final Experience V1 One Script,true,false,true,true,true,true,true,false,6,7,SERVICE,PARTIALLY_EVIDENCED,P0_CRITICAL,API_CONNECTED,REAL_LIVE,2026-08-01T11:05:40.796869+00:00
CAP-B2ADCE8E14C1,Ndsp User Portal Final Experience V1 One Script,true,false,true,true,true,true,true,false,6,7,SERVICE,PARTIALLY_EVIDENCED,P0_CRITICAL,API_CONNECTED,REAL_LIVE,2026-08-01T11:05:40.796869+00:00
CAP-E4980A40032A,Ndsp User Portal Final Experience V1 One Script,true,false,true,true,true,true,true,false,6,7,SERVICE,PARTIALLY_EVIDENCED,P0_CRITICAL,API_CONNECTED,REAL_LIVE,2026-08-01T11:05:40.796869+00:00
CAP-242A581E1E52,Ndsp Write Alert State,true,true,true,true,true,true,false,false,6,7,UI,PARTIALLY_EVIDENCED,P3_UI,UI_PARTIAL,REAL_SNAPSHOT,2026-07-31T22:08:07Z
CAP-753A055CFA5A,Ndsp Write Alert State,true,true,true,true,true,true,false,true,6,7,UI,PARTIALLY_EVIDENCED,P3_UI,UI_PARTIAL,REAL_SNAPSHOT,2026-07-31T23:17:31Z
CAP-033B90B3A316,Nowpayments Create Alias,true,false,true,true,true,true,true,false,6,7,SERVICE,PARTIALLY_EVIDENCED,P0_CRITICAL,API_CONNECTED,REAL_SNAPSHOT,2026-08-01T11:05:40.796869+00:00
CAP-329C5FE62399,Nowpayments Create Alias,true,false,true,true,true,true,true,false,6,7,SERVICE,PARTIALLY_EVIDENCED,P0_CRITICAL,API_CONNECTED,REAL_SNAPSHOT,2026-08-01T11:05:40.796869+00:00
CAP-4C3B7B99A4A6,Nowpayments Create Alias,true,false,true,true,true,true,true,false,6,7,SERVICE,PARTIALLY_EVIDENCED,P0_CRITICAL,API_CONNECTED,REAL_SNAPSHOT,2026-08-01T11:05:40.796869+00:00
CAP-6B7418516628,Put Alert Prefs,true,false,true,true,false,true,false,false,4,7,SERVICE|CALCULATION|UI,PARTIALLY_EVIDENCED,P0_CRITICAL,UI_PARTIAL,REAL_SNAPSHOT,2026-08-01T11:05:40.796869+00:00
CAP-3A5ED3DB0C0D,Risk Label,true,true,false,true,false,true,true,true,5,7,ENDPOINT|CALCULATION,PARTIALLY_EVIDENCED,P0_CRITICAL,SERVICE_CONNECTED,REAL_LIVE,2026-08-01T11:05:40.796869+00:00
CAP-98156F574B28,Risk Warnings,true,true,false,true,false,true,true,true,5,7,ENDPOINT|CALCULATION,PARTIALLY_EVIDENCED,P0_CRITICAL,SERVICE_CONNECTED,REAL_LIVE,2026-08-01T11:05:40.796869+00:00
CAP-552A04A27A0F,Scenario Report,true,true,false,true,false,true,true,false,5,7,ENDPOINT|CALCULATION,PARTIALLY_EVIDENCED,P0_CRITICAL,SERVICE_CONNECTED,REAL_SNAPSHOT,2026-08-01T11:05:40.796869+00:00
CAP-CF000A7305E2,Subscription Status Compat,true,false,true,true,true,true,false,false,5,7,SERVICE|UI,PARTIALLY_EVIDENCED,P0_CRITICAL,UI_PARTIAL,REAL_SNAPSHOT,2026-08-01T11:05:40.796869+00:00
CAP-93DD0F3859D4,Tdl V2 Policy Admin,true,true,true,false,true,true,true,false,6,7,REAL_DATA,PARTIALLY_EVIDENCED,P1_HIGH,UI_PARTIAL,UNKNOWN,2026-07-31T22:08:07Z
CAP-AA4ECF6DF3F8,Tdl V2 Policy Admin,true,true,true,false,true,true,true,false,6,7,REAL_DATA,PARTIALLY_EVIDENCED,P1_HIGH,UI_PARTIAL,UNKNOWN,2026-07-31T22:08:07Z
CAP-C84121300635,Tdl V2 Policy Admin,true,true,true,false,true,true,true,false,6,7,REAL_DATA,PARTIALLY_EVIDENCED,P1_HIGH,UI_PARTIAL,UNKNOWN,2026-07-31T22:08:07Z
CAP-A194414E26E2,Telegram Routing Admin,true,false,true,true,true,true,true,false,6,7,SERVICE,PARTIALLY_EVIDENCED,P0_CRITICAL,API_CONNECTED,REAL_SNAPSHOT,2026-08-01T11:05:40.796869+00:00
CAP-C3C9F07E6EC7,Telegram Routing Admin,true,false,true,true,true,true,true,false,6,7,SERVICE,PARTIALLY_EVIDENCED,P0_CRITICAL,UI_PARTIAL,REAL_SNAPSHOT,2026-08-01T11:05:40.796869+00:00
CAP-FBE70B1294BC,Telegram Routing Admin,true,false,true,true,true,true,false,false,5,7,SERVICE|UI,PARTIALLY_EVIDENCED,P0_CRITICAL,API_CONNECTED,REAL_SNAPSHOT,2026-08-01T11:05:40.796869+00:00
CAP-65156AA526BC,Telegram Routing Internal,true,false,true,true,true,true,false,false,5,7,SERVICE|UI,PARTIALLY_EVIDENCED,P0_CRITICAL,API_CONNECTED,REAL_SNAPSHOT,2026-08-01T11:05:40.796869+00:00
CAP-6FE68AAF4F33,Telegram Routing Internal,true,false,true,true,true,true,true,false,6,7,SERVICE,PARTIALLY_EVIDENCED,P0_CRITICAL,UI_PARTIAL,REAL_SNAPSHOT,2026-08-01T11:05:40.796869+00:00
CAP-B3BF7C85F687,Telegram Routing Internal,true,false,true,true,true,true,false,false,5,7,SERVICE|UI,PARTIALLY_EVIDENCED,P0_CRITICAL,API_CONNECTED,REAL_SNAPSHOT,2026-08-01T11:05:40.796869+00:00
CAP-C60CD9D10164,Telegram Routing Internal,true,false,true,true,true,true,false,false,5,7,SERVICE|UI,PARTIALLY_EVIDENCED,P0_CRITICAL,API_CONNECTED,REAL_SNAPSHOT,2026-08-01T11:05:40.796869+00:00
CAP-EC53447FDEFA,Telegram Routing Internal,true,false,true,true,true,true,true,false,6,7,SERVICE,PARTIALLY_EVIDENCED,P0_CRITICAL,API_CONNECTED,REAL_SNAPSHOT,2026-08-01T11:05:40.796869+00:00
CAP-22453668AACA,Telegram Routing V2,true,false,true,true,true,true,true,false,6,7,SERVICE,PARTIALLY_EVIDENCED,P0_CRITICAL,API_CONNECTED,REAL_SNAPSHOT,2026-08-01T11:05:40.796869+00:00
CAP-45BEE5E5B9D6,Telegram Routing V2,true,false,true,true,true,true,true,false,6,7,SERVICE,PARTIALLY_EVIDENCED,P0_CRITICAL,API_CONNECTED,REAL_SNAPSHOT,2026-08-01T11:05:40.796869+00:00
CAP-8CF43007F5CD,Telegram Routing V2,true,false,true,true,true,true,true,false,6,7,SERVICE,PARTIALLY_EVIDENCED,P0_CRITICAL,API_CONNECTED,REAL_SNAPSHOT,2026-08-01T11:05:40.796869+00:00
CAP-CAD48928C8E4,Telegram Routing V2,true,false,true,true,true,true,false,false,5,7,SERVICE|UI,PARTIALLY_EVIDENCED,P0_CRITICAL,API_CONNECTED,REAL_SNAPSHOT,2026-08-01T11:05:40.796869+00:00
CAP-A6810593B898,Trial Register Compat,true,false,true,true,true,true,false,false,5,7,SERVICE|UI,PARTIALLY_EVIDENCED,P0_CRITICAL,UI_PARTIAL,REAL_SNAPSHOT,2026-08-01T11:05:40.796869+00:00
CAP-9866D4AE9D59,Update User Status,true,true,true,true,true,true,false,true,6,7,UI,PARTIALLY_EVIDENCED,P3_UI,UI_PARTIAL,REAL_SNAPSHOT,2026-07-31T23:17:31Z
CAP-ECBB8B6ED8D2,Update User Status,true,true,true,true,true,true,false,false,6,7,UI,PARTIALLY_EVIDENCED,P3_UI,UI_PARTIAL,REAL_SNAPSHOT,2026-07-31T22:08:07Z
CAP-3F9549B2B851,User Operational Compat,true,false,true,true,true,true,true,false,6,7,SERVICE,PARTIALLY_EVIDENCED,P0_CRITICAL,API_CONNECTED,REAL_SNAPSHOT,2026-08-01T11:05:40.796869+00:00
CAP-425426D4A96B,User Operational Compat,true,false,true,true,true,true,true,false,6,7,SERVICE,PARTIALLY_EVIDENCED,P0_CRITICAL,API_CONNECTED,REAL_SNAPSHOT,2026-08-01T11:05:40.796869+00:00
CAP-48F24BF885D7,User Operational Compat,true,false,true,true,true,true,true,false,6,7,SERVICE,PARTIALLY_EVIDENCED,P0_CRITICAL,API_CONNECTED,REAL_SNAPSHOT,2026-08-01T11:05:40.796869+00:00
CAP-5649C9641068,User Operational Compat,true,false,true,true,true,true,false,false,5,7,SERVICE|UI,PARTIALLY_EVIDENCED,P0_CRITICAL,API_CONNECTED,REAL_SNAPSHOT,2026-08-01T11:05:40.796869+00:00
CAP-5F34508D1D07,User Operational Compat,true,false,true,true,true,true,true,false,6,7,SERVICE,PARTIALLY_EVIDENCED,P0_CRITICAL,API_CONNECTED,REAL_SNAPSHOT,2026-08-01T11:05:40.796869+00:00
CAP-628E213D3D54,User Operational Compat,true,false,true,true,true,true,false,false,5,7,SERVICE|UI,PARTIALLY_EVIDENCED,P0_CRITICAL,API_CONNECTED,REAL_SNAPSHOT,2026-08-01T11:05:40.796869+00:00
CAP-945D34B96341,User Operational Compat,true,false,true,true,true,true,true,false,6,7,SERVICE,PARTIALLY_EVIDENCED,P0_CRITICAL,API_CONNECTED,REAL_SNAPSHOT,2026-08-01T11:05:40.796869+00:00
CAP-9EAA6B9BF2BC,User Operational Compat,true,false,true,true,true,true,true,false,6,7,SERVICE,PARTIALLY_EVIDENCED,P0_CRITICAL,API_CONNECTED,REAL_SNAPSHOT,2026-08-01T11:05:40.796869+00:00
CAP-BC09A0EB4549,User Operational Compat,true,false,true,true,true,true,true,false,6,7,SERVICE,PARTIALLY_EVIDENCED,P0_CRITICAL,API_CONNECTED,REAL_SNAPSHOT,2026-08-01T11:05:40.796869+00:00
CAP-C26418100904,User Operational Compat,true,false,true,true,true,true,true,false,6,7,SERVICE,PARTIALLY_EVIDENCED,P0_CRITICAL,API_CONNECTED,REAL_SNAPSHOT,2026-08-01T11:05:40.796869+00:00
CAP-D559FE326861,User Operational Compat,true,false,true,true,true,true,true,false,6,7,SERVICE,PARTIALLY_EVIDENCED,P0_CRITICAL,API_CONNECTED,REAL_SNAPSHOT,2026-08-01T11:05:40.796869+00:00
CAP-E50EE9CF3FD6,User Operational Compat,true,false,true,true,true,true,true,false,6,7,SERVICE,PARTIALLY_EVIDENCED,P0_CRITICAL,API_CONNECTED,REAL_SNAPSHOT,2026-08-01T11:05:40.796869+00:00
CAP-EDF3F96EC14B,User Operational Compat,true,false,true,true,true,true,true,false,6,7,SERVICE,PARTIALLY_EVIDENCED,P0_CRITICAL,API_CONNECTED,REAL_SNAPSHOT,2026-08-01T11:05:40.796869+00:00
CAP-F197D783C391,User Operational Compat,true,false,true,true,true,true,true,false,6,7,SERVICE,PARTIALLY_EVIDENCED,P0_CRITICAL,API_CONNECTED,REAL_SNAPSHOT,2026-08-01T11:05:40.796869+00:00
CAP-F19E055AF8D6,User Operational Compat,true,false,true,true,true,true,true,false,6,7,SERVICE,PARTIALLY_EVIDENCED,P0_CRITICAL,API_CONNECTED,REAL_SNAPSHOT,2026-08-01T11:05:40.796869+00:00
CAP-FAAE9703FE61,User Operational Compat,true,false,true,true,true,true,true,false,6,7,SERVICE,PARTIALLY_EVIDENCED,P0_CRITICAL,API_CONNECTED,REAL_SNAPSHOT,2026-08-01T11:05:40.796869+00:00
CAP-F4B0061B6EC3,Version,true,false,true,true,false,true,true,false,5,7,SERVICE|CALCULATION,PARTIALLY_EVIDENCED,P0_CRITICAL,UI_PARTIAL,REAL_SNAPSHOT,2026-08-01T11:05:40.796869+00:00
CAP-5F632EA34B8F,002 Signal Decisions,true,false,false,true,false,true,false,false,3,7,SERVICE|ENDPOINT|CALCULATION|UI,PARTIALLY_EVIDENCED,P0_CRITICAL,UI_PARTIAL,REAL_SNAPSHOT,2026-08-01T11:05:40.796869+00:00
CAP-207978A2050E,Activate User By Token,true,true,false,true,true,true,false,false,5,7,ENDPOINT|UI,PARTIALLY_EVIDENCED,P0_CRITICAL,UI_PARTIAL,REAL_SNAPSHOT,2026-08-01T11:05:40.796869+00:00
CAP-61547C6436CE,Active Session User,true,true,true,true,true,true,false,false,6,7,UI,PARTIALLY_EVIDENCED,P3_UI,UI_PARTIAL,REAL_SNAPSHOT,2026-07-31T22:08:07Z
CAP-11F9C86C3DEA,Admin Candidates,true,false,true,true,true,true,false,false,5,7,SERVICE|UI,PARTIALLY_EVIDENCED,P0_CRITICAL,UI_PARTIAL,REAL_SNAPSHOT,2026-08-01T11:05:40.796869+00:00
CAP-85BADA8EEE4D,Admin Key Ok,true,false,true,true,true,true,false,false,5,7,SERVICE|UI,PARTIALLY_EVIDENCED,P0_CRITICAL,UI_PARTIAL,REAL_SNAPSHOT,2026-08-01T11:05:40.796869+00:00
CAP-F14BB07445FB,Admin Key Ok,true,false,true,true,true,true,false,false,5,7,SERVICE|UI,PARTIALLY_EVIDENCED,P0_CRITICAL,UI_PARTIAL,REAL_SNAPSHOT,2026-08-01T11:05:40.796869+00:00
CAP-F54EAA1EFDDA,Admin Key Ok,true,false,true,true,true,true,false,false,5,7,SERVICE|UI,PARTIALLY_EVIDENCED,P0_CRITICAL,UI_PARTIAL,REAL_SNAPSHOT,2026-08-01T11:05:40.796869+00:00
CAP-7FAFDEF8B916,Admin List Audit Events,true,true,false,true,false,true,false,false,4,7,ENDPOINT|CALCULATION|UI,PARTIALLY_EVIDENCED,P0_CRITICAL,UI_PARTIAL,REAL_SNAPSHOT,2026-08-01T11:05:40.796869+00:00
CAP-439EB8A1AE69,Admin Mail To,true,true,false,true,true,true,false,false,5,7,ENDPOINT|UI,PARTIALLY_EVIDENCED,P0_CRITICAL,UI_PARTIAL,REAL_SNAPSHOT,2026-08-01T11:05:40.796869+00:00
CAP-C85D75362012,Admin Only,true,false,true,true,true,true,false,false,5,7,SERVICE|UI,PARTIALLY_EVIDENCED,P0_CRITICAL,UI_PARTIAL,REAL_SNAPSHOT,2026-08-01T11:05:40.796869+00:00
CAP-1F6C6744CA7A,Alert Text,true,false,false,true,true,true,false,false,4,7,SERVICE|ENDPOINT|UI,PARTIALLY_EVIDENCED,P0_CRITICAL,UI_PARTIAL,REAL_SNAPSHOT,2026-08-01T11:05:40.796869+00:00
CAP-9C9E08E2F53E,Apply Governance Runtime,true,true,false,true,false,true,false,false,4,7,ENDPOINT|CALCULATION|UI,PARTIALLY_EVIDENCED,P0_CRITICAL,SERVICE_CONNECTED,REAL_SNAPSHOT,2026-08-01T11:05:40.796869+00:00
CAP-C9B83A923CCA,Apply Runtime Governance,true,true,false,true,false,true,false,false,4,7,ENDPOINT|CALCULATION|UI,PARTIALLY_EVIDENCED,P0_CRITICAL,SERVICE_CONNECTED,REAL_SNAPSHOT,2026-08-01T11:05:40.796869+00:00
CAP-291C5498F747,Attach Tdl Trade Horizon Addons,true,false,false,true,false,true,false,false,3,7,SERVICE|ENDPOINT|CALCULATION|UI,PARTIALLY_EVIDENCED,P0_CRITICAL,SOURCE_IDENTIFIED,REAL_SNAPSHOT,2026-08-01T11:05:40.796869+00:00
CAP-26EC4D157EE6,Auth,true,false,true,true,true,true,false,false,5,7,SERVICE|UI,PARTIALLY_EVIDENCED,P0_CRITICAL,UI_PARTIAL,REAL_SNAPSHOT,2026-08-01T11:05:40.796869+00:00
CAP-46EAB19BB0B6,Auth,true,true,true,true,true,true,false,false,6,7,UI,PARTIALLY_EVIDENCED,P3_UI,UI_PARTIAL,REAL_SNAPSHOT,2026-07-31T22:08:07Z
CAP-2A493D97E048,Auth Debug,true,true,true,false,false,true,false,false,4,7,REAL_DATA|CALCULATION|UI,PARTIALLY_EVIDENCED,P1_HIGH,UI_PARTIAL,UNKNOWN,2026-07-31T22:08:07Z
CAP-28A54C2588CC,Authorize,true,true,true,true,true,true,false,false,6,7,UI,PARTIALLY_EVIDENCED,P3_UI,UI_PARTIAL,REAL_SNAPSHOT,2026-07-31T22:08:07Z
CAP-A0619F62EEAE,Authorize,true,true,true,true,true,true,false,false,6,7,UI,PARTIALLY_EVIDENCED,P3_UI,UI_PARTIAL,REAL_SNAPSHOT,2026-07-31T22:08:07Z
CAP-3CAAC6E360D3,Authorize Decision Request,true,true,false,true,true,true,false,false,5,7,ENDPOINT|UI,PARTIALLY_EVIDENCED,P0_CRITICAL,UI_PARTIAL,REAL_SNAPSHOT,2026-08-01T11:05:40.796869+00:00
CAP-C92342987A74,Backtest Engine,true,false,false,true,false,true,false,false,3,7,SERVICE|ENDPOINT|CALCULATION|UI,PARTIALLY_EVIDENCED,P0_CRITICAL,UI_PARTIAL,REAL_SNAPSHOT,2026-08-01T11:05:40.796869+00:00
CAP-77BC55243F4F,Black Layer Engine,true,false,false,true,false,true,false,false,3,7,SERVICE|ENDPOINT|CALCULATION|UI,PARTIALLY_EVIDENCED,P0_CRITICAL,SOURCE_IDENTIFIED,REAL_SNAPSHOT,2026-08-01T11:05:40.796869+00:00
CAP-F055FF631E76,Black Layer Quality Effect From State,true,false,false,true,false,true,false,false,3,7,SERVICE|ENDPOINT|CALCULATION|UI,PARTIALLY_EVIDENCED,P0_CRITICAL,SOURCE_IDENTIFIED,REAL_SNAPSHOT,2026-08-01T11:05:40.796869+00:00
CAP-F2E85E1A728A,Calculate Total Quality,true,false,false,true,false,true,false,false,3,7,SERVICE|ENDPOINT|CALCULATION|UI,PARTIALLY_EVIDENCED,P0_CRITICAL,SOURCE_IDENTIFIED,REAL_SNAPSHOT,2026-08-01T11:05:40.796869+00:00
CAP-F5C7F3807EC2,Canonical Decision Text,true,false,false,true,true,true,true,false,5,7,SERVICE|ENDPOINT,PARTIALLY_EVIDENCED,P0_CRITICAL,UI_PARTIAL,REAL_LIVE,2026-08-01T11:05:40.796869+00:00
CAP-ABBB5A76429B,Cftc Auto Provider,true,false,false,true,false,true,false,false,3,7,SERVICE|ENDPOINT|CALCULATION|UI,PARTIALLY_EVIDENCED,P0_CRITICAL,UI_PARTIAL,REAL_SNAPSHOT,2026-08-01T11:05:40.796869+00:00
CAP-34C595F25781,Compute Market Positioning,true,false,false,true,false,true,false,false,3,7,SERVICE|ENDPOINT|CALCULATION|UI,PARTIALLY_EVIDENCED,P0_CRITICAL,SOURCE_IDENTIFIED,REAL_SNAPSHOT,2026-08-01T11:05:40.796869+00:00
CAP-5F3BB15915F6,Compute Public Quality,true,false,true,true,false,true,false,false,4,7,SERVICE|CALCULATION|UI,PARTIALLY_EVIDENCED,P0_CRITICAL,SOURCE_IDENTIFIED,REAL_SNAPSHOT,2026-08-01T11:05:40.796869+00:00
CAP-99BCB7F8D2D9,Compute Tdl Trade Horizon Addons,true,false,false,true,false,true,false,false,3,7,SERVICE|ENDPOINT|CALCULATION|UI,PARTIALLY_EVIDENCED,P0_CRITICAL,SOURCE_IDENTIFIED,REAL_SNAPSHOT,2026-08-01T11:05:40.796869+00:00
CAP-CDAA43AE2E9B,Cot Asset Class,true,false,false,true,false,true,false,false,3,7,SERVICE|ENDPOINT|CALCULATION|UI,PARTIALLY_EVIDENCED,P0_CRITICAL,UI_PARTIAL,REAL_SNAPSHOT,2026-08-01T11:05:40.796869+00:00
CAP-1103369520D4,Cot Asset Mapping,true,false,false,true,false,true,false,false,3,7,SERVICE|ENDPOINT|CALCULATION|UI,PARTIALLY_EVIDENCED,P0_CRITICAL,UI_PARTIAL,REAL_SNAPSHOT,2026-08-01T11:05:40.796869+00:00
CAP-EBA92C8CC7A3,Cot Category Position,true,false,false,true,false,true,false,false,3,7,SERVICE|ENDPOINT|CALCULATION|UI,PARTIALLY_EVIDENCED,P0_CRITICAL,UI_PARTIAL,REAL_SNAPSHOT,2026-08-01T11:05:40.796869+00:00
CAP-CDE607434C8D,Cot Direction,true,false,false,true,false,true,false,false,3,7,SERVICE|ENDPOINT|CALCULATION|UI,PARTIALLY_EVIDENCED,P0_CRITICAL,UI_PARTIAL,REAL_SNAPSHOT,2026-08-01T11:05:40.796869+00:00
CAP-9EBA342E67D3,Cot Group Result,true,false,false,true,false,true,false,false,3,7,SERVICE|ENDPOINT|CALCULATION|UI,PARTIALLY_EVIDENCED,P0_CRITICAL,UI_PARTIAL,REAL_SNAPSHOT,2026-08-01T11:05:40.796869+00:00
CAP-A8D7E661F420,Cot Intelligence Engine,true,false,false,true,false,true,false,false,3,7,SERVICE|ENDPOINT|CALCULATION|UI,PARTIALLY_EVIDENCED,P0_CRITICAL,UI_PARTIAL,REAL_SNAPSHOT,2026-08-01T11:05:40.796869+00:00
CAP-03073B90064B,Cot Intelligence Result,true,false,false,true,false,true,false,false,3,7,SERVICE|ENDPOINT|CALCULATION|UI,PARTIALLY_EVIDENCED,P0_CRITICAL,UI_PARTIAL,REAL_SNAPSHOT,2026-08-01T11:05:40.796869+00:00
CAP-5784897BCF65,Cot Report Family,true,false,false,true,false,true,false,false,3,7,SERVICE|ENDPOINT|CALCULATION|UI,PARTIALLY_EVIDENCED,P0_CRITICAL,UI_PARTIAL,REAL_SNAPSHOT,2026-08-01T11:05:40.796869+00:00
CAP-09BC17001F61,Cot Snapshot,true,false,false,true,false,true,false,false,3,7,SERVICE|ENDPOINT|CALCULATION|UI,PARTIALLY_EVIDENCED,P0_CRITICAL,UI_PARTIAL,REAL_SNAPSHOT,2026-08-01T11:05:40.796869+00:00
CAP-C3FB17B62648,Cot Storage,true,false,false,true,true,true,false,false,4,7,SERVICE|ENDPOINT|UI,PARTIALLY_EVIDENCED,P0_CRITICAL,UI_PARTIAL,REAL_SNAPSHOT,2026-08-01T11:05:40.796869+00:00
CAP-97C0885FC638,Count Elite Trial Users,true,true,false,true,false,true,false,false,4,7,ENDPOINT|CALCULATION|UI,PARTIALLY_EVIDENCED,P0_CRITICAL,UI_PARTIAL,REAL_SNAPSHOT,2026-08-01T11:05:40.796869+00:00
CAP-7D844F2CA7E4,Create Subscription Payment,true,false,true,true,true,true,false,false,5,7,SERVICE|UI,PARTIALLY_EVIDENCED,P0_CRITICAL,UI_PARTIAL,REAL_SNAPSHOT,2026-08-01T11:05:40.796869+00:00
CAP-D25A181573FA,Current Authority Key,true,false,false,true,false,true,false,false,3,7,SERVICE|ENDPOINT|CALCULATION|UI,PARTIALLY_EVIDENCED,P0_CRITICAL,SOURCE_IDENTIFIED,REAL_SNAPSHOT,2026-08-01T11:05:40.796869+00:00
CAP-EEA57DDC5CC1,Current User,true,true,false,true,true,true,false,false,5,7,ENDPOINT|UI,PARTIALLY_EVIDENCED,P0_CRITICAL,UI_PARTIAL,REAL_SNAPSHOT,2026-08-01T11:05:40.796869+00:00
CAP-ADD5265540CB,Debug Auth,true,false,true,true,true,true,false,false,5,7,SERVICE|UI,PARTIALLY_EVIDENCED,P0_CRITICAL,UI_PARTIAL,REAL_SNAPSHOT,2026-08-01T11:05:40.796869+00:00
CAP-F5E96763B830,Debug Auth,true,false,true,true,true,true,false,false,5,7,SERVICE|UI,PARTIALLY_EVIDENCED,P0_CRITICAL,UI_PARTIAL,REAL_SNAPSHOT,2026-08-01T11:05:40.796869+00:00
CAP-0AE3805C7273,Decision Entitlement,true,true,true,true,true,true,false,false,6,7,UI,PARTIALLY_EVIDENCED,P3_UI,UI_PARTIAL,REAL_SNAPSHOT,2026-07-31T22:08:07Z
CAP-2E15AE9B9255,Decision Quality Stack,true,false,false,true,false,true,false,false,3,7,SERVICE|ENDPOINT|CALCULATION|UI,PARTIALLY_EVIDENCED,P0_CRITICAL,SOURCE_IDENTIFIED,REAL_SNAPSHOT,2026-08-01T11:05:40.796869+00:00
CAP-BAFAADE8019C,Delete User Dependencies,true,true,true,true,true,true,false,false,6,7,UI,PARTIALLY_EVIDENCED,P3_UI,UI_PARTIAL,REAL_SNAPSHOT,2026-07-31T22:08:07Z
CAP-C67E25BE8F61,Deliver Alert,true,false,false,true,true,true,false,false,4,7,SERVICE|ENDPOINT|UI,PARTIALLY_EVIDENCED,P0_CRITICAL,UI_PARTIAL,REAL_SNAPSHOT,2026-08-01T11:05:40.796869+00:00
CAP-695108C486EF,Derive Timing Authority,true,true,false,true,true,true,false,false,5,7,ENDPOINT|UI,PARTIALLY_EVIDENCED,P0_CRITICAL,UI_PARTIAL,REAL_SNAPSHOT,2026-08-01T11:05:40.796869+00:00
CAP-9B6A9F665D36,Determine Tdl Authority,true,false,false,true,true,true,false,false,4,7,SERVICE|ENDPOINT|UI,PARTIALLY_EVIDENCED,P0_CRITICAL,UI_PARTIAL,REAL_SNAPSHOT,2026-08-01T11:05:40.796869+00:00
CAP-64E81F08FD02,Dqsdecision State,true,false,false,true,false,true,false,false,3,7,SERVICE|ENDPOINT|CALCULATION|UI,PARTIALLY_EVIDENCED,P0_CRITICAL,SOURCE_IDENTIFIED,REAL_SNAPSHOT,2026-08-01T11:05:40.796869+00:00
CAP-995CB0187474,Dynamic Decision Texts,true,true,true,true,true,true,false,false,6,7,UI,PARTIALLY_EVIDENCED,P3_UI,SERVICE_CONNECTED,REAL_SNAPSHOT,2026-07-31T22:08:07Z
CAP-23F2C3CCC368,Enforce Decision Active Governance,true,true,false,true,false,true,false,false,4,7,ENDPOINT|CALCULATION|UI,PARTIALLY_EVIDENCED,P0_CRITICAL,SERVICE_CONNECTED,REAL_SNAPSHOT,2026-08-01T11:05:40.796869+00:00
CAP-D109F092339F,Enforce Elite Trial Capacity,true,true,false,true,false,true,false,false,4,7,ENDPOINT|CALCULATION|UI,PARTIALLY_EVIDENCED,P0_CRITICAL,UI_PARTIAL,REAL_SNAPSHOT,2026-08-01T11:05:40.796869+00:00
CAP-CFD935E857CB,Enforce Governance Runtime,true,true,false,true,false,true,false,false,4,7,ENDPOINT|CALCULATION|UI,PARTIALLY_EVIDENCED,P0_CRITICAL,SERVICE_CONNECTED,REAL_SNAPSHOT,2026-08-01T11:05:40.796869+00:00
CAP-61D78BDE704F,Ensure Governance Mode File,true,true,false,true,true,true,false,false,5,7,ENDPOINT|UI,PARTIALLY_EVIDENCED,P0_CRITICAL,SERVICE_CONNECTED,REAL_SNAPSHOT,2026-08-01T11:05:40.796869+00:00
CAP-9A22FC96CE2A,Evaluate L13 Quality Stack,true,false,false,true,true,true,false,false,4,7,SERVICE|ENDPOINT|UI,PARTIALLY_EVIDENCED,P0_CRITICAL,UI_PARTIAL,REAL_SNAPSHOT,2026-08-01T11:05:40.796869+00:00
CAP-1D1AD9752E92,Evaluate L14 Risk Governance,true,false,false,true,true,true,false,false,4,7,SERVICE|ENDPOINT|UI,PARTIALLY_EVIDENCED,P0_CRITICAL,UI_PARTIAL,REAL_SNAPSHOT,2026-08-01T11:05:40.796869+00:00
CAP-344E17716BB9,Evaluate L15 Final Decision,true,false,false,true,true,true,false,false,4,7,SERVICE|ENDPOINT|UI,PARTIALLY_EVIDENCED,P0_CRITICAL,UI_PARTIAL,REAL_SNAPSHOT,2026-08-01T11:05:40.796869+00:00
CAP-0AB187B5D320,Evaluate L16 Scenario Alerts,true,false,false,true,true,true,false,false,4,7,SERVICE|ENDPOINT|UI,PARTIALLY_EVIDENCED,P0_CRITICAL,UI_PARTIAL,REAL_SNAPSHOT,2026-08-01T11:05:40.796869+00:00
CAP-D23D3D3D1D06,Evaluate L4 Cot Manager,true,false,false,true,true,true,false,false,4,7,SERVICE|ENDPOINT|UI,PARTIALLY_EVIDENCED,P0_CRITICAL,UI_PARTIAL,REAL_SNAPSHOT,2026-08-01T11:05:40.796869+00:00
CAP-4F8F0E4D1785,Evaluate Market Positioning,true,false,false,true,false,true,false,false,3,7,SERVICE|ENDPOINT|CALCULATION|UI,PARTIALLY_EVIDENCED,P0_CRITICAL,SOURCE_IDENTIFIED,REAL_SNAPSHOT,2026-08-01T11:05:40.796869+00:00
CAP-20A8CAD9D6A1,Execution Webhook Bridge,true,false,false,true,true,true,false,false,4,7,SERVICE|ENDPOINT|UI,PARTIALLY_EVIDENCED,P0_CRITICAL,SOURCE_IDENTIFIED,REAL_SNAPSHOT,2026-08-01T11:05:40.796869+00:00
CAP-4B97F41DF526,Feature Gate,true,true,false,true,false,true,false,false,4,7,ENDPOINT|CALCULATION|UI,PARTIALLY_EVIDENCED,P0_CRITICAL,SERVICE_CONNECTED,REAL_SNAPSHOT,2026-08-01T11:05:40.796869+00:00
CAP-4B44E1521757,Find Quality,true,false,true,true,false,true,false,false,4,7,SERVICE|CALCULATION|UI,PARTIALLY_EVIDENCED,P0_CRITICAL,SOURCE_IDENTIFIED,REAL_SNAPSHOT,2026-08-01T11:05:40.796869+00:00
CAP-B9C3A591EABA,Find Quality,true,false,true,true,false,true,false,false,4,7,SERVICE|CALCULATION|UI,PARTIALLY_EVIDENCED,P0_CRITICAL,SOURCE_IDENTIFIED,REAL_SNAPSHOT,2026-08-01T11:05:40.796869+00:00
CAP-F1DC3D02D328,Find Users Table,true,true,false,true,true,true,false,false,5,7,ENDPOINT|UI,PARTIALLY_EVIDENCED,P0_CRITICAL,UI_PARTIAL,REAL_SNAPSHOT,2026-08-01T11:05:40.796869+00:00
CAP-EAFDBC235B37,Format Market Timestamp,true,false,false,true,true,true,true,false,5,7,SERVICE|ENDPOINT,PARTIALLY_EVIDENCED,P0_CRITICAL,UI_PARTIAL,REAL_LIVE,2026-08-01T11:05:40.796869+00:00
CAP-3836195F0EC6,Forward To Trial Gateway,true,true,false,true,true,true,false,false,5,7,ENDPOINT|UI,PARTIALLY_EVIDENCED,P0_CRITICAL,UI_PARTIAL,REAL_SNAPSHOT,2026-08-01T11:05:40.796869+00:00
CAP-571585E11A87,Gateway Auth Me,true,true,false,true,true,true,false,false,5,7,ENDPOINT|UI,PARTIALLY_EVIDENCED,P0_CRITICAL,UI_PARTIAL,REAL_SNAPSHOT,2026-08-01T11:05:40.796869+00:00
CAP-3A7CE980BBA5,Get Authority Signs,true,false,false,true,false,true,false,false,3,7,SERVICE|ENDPOINT|CALCULATION|UI,PARTIALLY_EVIDENCED,P0_CRITICAL,SOURCE_IDENTIFIED,REAL_SNAPSHOT,2026-08-01T11:05:40.796869+00:00
CAP-793DD4598CE0,Get Market Payload,true,true,false,true,true,true,false,false,5,7,ENDPOINT|UI,PARTIALLY_EVIDENCED,P0_CRITICAL,SERVICE_CONNECTED,REAL_SNAPSHOT,2026-08-01T11:05:40.796869+00:00
CAP-DC15995EDA27,Get Market Positioning,true,false,false,true,false,true,false,false,3,7,SERVICE|ENDPOINT|CALCULATION|UI,PARTIALLY_EVIDENCED,P0_CRITICAL,SOURCE_IDENTIFIED,REAL_SNAPSHOT,2026-08-01T11:05:40.796869+00:00
CAP-6DCB180A7F39,Get User By Email,true,true,true,true,true,true,false,false,6,7,UI,PARTIALLY_EVIDENCED,P3_UI,UI_PARTIAL,REAL_SNAPSHOT,2026-07-31T22:08:07Z
CAP-ED125A196CA8,Get User By Id,true,true,true,true,true,true,false,false,6,7,UI,PARTIALLY_EVIDENCED,P3_UI,UI_PARTIAL,REAL_SNAPSHOT,2026-07-31T22:08:07Z
CAP-9F0C0925830C,Get User Counts,true,true,false,true,true,true,false,false,5,7,ENDPOINT|UI,PARTIALLY_EVIDENCED,P0_CRITICAL,UI_PARTIAL,REAL_SNAPSHOT,2026-08-01T11:05:40.796869+00:00
CAP-151D33E801FF,Govern Decision Output,true,false,false,true,true,true,false,false,4,7,SERVICE|ENDPOINT|UI,PARTIALLY_EVIDENCED,P0_CRITICAL,UI_PARTIAL,REAL_SNAPSHOT,2026-08-01T11:05:40.796869+00:00
CAP-399F19D9DFDF,Governance Mode Public,true,true,false,true,true,true,false,false,5,7,ENDPOINT|UI,PARTIALLY_EVIDENCED,P0_CRITICAL,SERVICE_CONNECTED,REAL_SNAPSHOT,2026-08-01T11:05:40.796869+00:00
CAP-047A94BA516E,Guard Decision Output,true,true,false,true,false,true,false,false,4,7,ENDPOINT|CALCULATION|UI,PARTIALLY_EVIDENCED,P0_CRITICAL,SERVICE_CONNECTED,REAL_SNAPSHOT,2026-08-01T11:05:40.796869+00:00
CAP-6B497F45D014,Init,true,false,false,true,false,true,false,false,3,7,SERVICE|ENDPOINT|CALCULATION|UI,PARTIALLY_EVIDENCED,P0_CRITICAL,SOURCE_IDENTIFIED,REAL_SNAPSHOT,2026-08-01T11:05:40.796869+00:00
CAP-6C1350BBA4A7,Init,true,false,false,true,false,true,false,false,3,7,SERVICE|ENDPOINT|CALCULATION|UI,PARTIALLY_EVIDENCED,P0_CRITICAL,UI_PARTIAL,REAL_SNAPSHOT,2026-08-01T11:05:40.796869+00:00
CAP-546C65CAA1A3,Insert User,true,true,false,true,true,true,false,false,5,7,ENDPOINT|UI,PARTIALLY_EVIDENCED,P0_CRITICAL,UI_PARTIAL,REAL_SNAPSHOT,2026-08-01T11:05:40.796869+00:00
CAP-429E344E9B10,Install Ndsp Decision Governance,true,false,false,true,true,true,false,false,4,7,SERVICE|ENDPOINT|UI,PARTIALLY_EVIDENCED,P0_CRITICAL,UI_PARTIAL,REAL_SNAPSHOT,2026-08-01T11:05:40.796869+00:00
CAP-CBBAC7D35B02,L9 Horizon Structure,true,false,false,true,false,true,false,false,3,7,SERVICE|ENDPOINT|CALCULATION|UI,PARTIALLY_EVIDENCED,P0_CRITICAL,SOURCE_IDENTIFIED,REAL_SNAPSHOT,2026-08-01T11:05:40.796869+00:00
CAP-19318F0DAA6E,Layer Orchestrator,true,false,false,true,true,true,false,false,4,7,SERVICE|ENDPOINT|UI,PARTIALLY_EVIDENCED,P0_CRITICAL,UI_PARTIAL,REAL_SNAPSHOT,2026-08-01T11:05:40.796869+00:00
CAP-575CCF623BA1,Legacy Structure.Test,true,false,false,true,false,true,false,false,3,7,SERVICE|ENDPOINT|CALCULATION|UI,PARTIALLY_EVIDENCED,P0_CRITICAL,SOURCE_IDENTIFIED,REAL_SNAPSHOT,2026-08-01T11:05:40.796869+00:00
CAP-9CE3E0097964,Legacy Structure.Test,true,false,false,true,false,true,false,false,3,7,SERVICE|ENDPOINT|CALCULATION|UI,PARTIALLY_EVIDENCED,P0_CRITICAL,SOURCE_IDENTIFIED,REAL_SNAPSHOT,2026-08-01T11:05:40.796869+00:00
CAP-0FC1797C1FB1,Load Governance,true,false,false,true,true,true,false,false,4,7,SERVICE|ENDPOINT|UI,PARTIALLY_EVIDENCED,P0_CRITICAL,UI_PARTIAL,REAL_SNAPSHOT,2026-08-01T11:05:40.796869+00:00
CAP-74877E98A816,Load Governance Mode,true,true,false,true,true,true,false,false,5,7,ENDPOINT|UI,PARTIALLY_EVIDENCED,P0_CRITICAL,SERVICE_CONNECTED,REAL_SNAPSHOT,2026-08-01T11:05:40.796869+00:00
CAP-714A781C2444,Load Orchestrator,true,true,true,true,true,true,false,false,6,7,UI,PARTIALLY_EVIDENCED,P3_UI,UI_PARTIAL,REAL_SNAPSHOT,2026-07-31T22:08:07Z
CAP-2885DFC3A9EA,Log Decision,true,true,false,true,true,true,false,false,5,7,ENDPOINT|UI,PARTIALLY_EVIDENCED,P0_CRITICAL,SERVICE_CONNECTED,REAL_SNAPSHOT,2026-08-01T11:05:40.796869+00:00
CAP-793E22D57579,Macro Quality Stack Effect,true,false,false,true,false,true,false,false,3,7,SERVICE|ENDPOINT|CALCULATION|UI,PARTIALLY_EVIDENCED,P0_CRITICAL,SOURCE_IDENTIFIED,REAL_SNAPSHOT,2026-08-01T11:05:40.796869+00:00
CAP-5C75E2FE3A98,Make Decision Id,true,false,true,true,true,true,false,false,5,7,SERVICE|UI,PARTIALLY_EVIDENCED,P0_CRITICAL,UI_PARTIAL,REAL_SNAPSHOT,2026-08-01T11:05:40.796869+00:00
CAP-29DA9A6A11F0,Manual Cot Provider,true,false,false,true,false,true,false,false,3,7,SERVICE|ENDPOINT|CALCULATION|UI,PARTIALLY_EVIDENCED,P0_CRITICAL,UI_PARTIAL,REAL_SNAPSHOT,2026-08-01T11:05:40.796869+00:00
CAP-77818ECC2F15,Market Positioning,true,false,false,true,false,true,false,false,3,7,SERVICE|ENDPOINT|CALCULATION|UI,PARTIALLY_EVIDENCED,P0_CRITICAL,SOURCE_IDENTIFIED,REAL_SNAPSHOT,2026-08-01T11:05:40.796869+00:00
CAP-4788CB6BD13A,Market Positioning Status,true,false,false,true,false,true,false,false,3,7,SERVICE|ENDPOINT|CALCULATION|UI,PARTIALLY_EVIDENCED,P0_CRITICAL,SOURCE_IDENTIFIED,REAL_SNAPSHOT,2026-08-01T11:05:40.796869+00:00
CAP-E7F5980E3D93,Market Service,true,false,false,true,false,true,true,false,4,7,SERVICE|ENDPOINT|CALCULATION,PARTIALLY_EVIDENCED,P0_CRITICAL,UI_PARTIAL,REAL_SNAPSHOT,2026-08-01T11:05:40.796869+00:00
CAP-045CDA0A73DF,Narrative Engine,true,false,false,true,false,true,false,false,3,7,SERVICE|ENDPOINT|CALCULATION|UI,PARTIALLY_EVIDENCED,P0_CRITICAL,UI_PARTIAL,REAL_SNAPSHOT,2026-08-01T11:05:40.796869+00:00
CAP-2AB7983B84B5,Ndsp 16 Layers,true,true,false,true,false,true,false,false,4,7,ENDPOINT|CALCULATION|UI,PARTIALLY_EVIDENCED,P0_CRITICAL,DISCOVERY_REQUIRED,REAL_SNAPSHOT,2026-08-01T11:05:40.796869+00:00
CAP-541E221FDE39,Ndsp Admin Key From Req,true,false,true,true,true,true,false,false,5,7,SERVICE|UI,PARTIALLY_EVIDENCED,P0_CRITICAL,UI_PARTIAL,REAL_SNAPSHOT,2026-08-01T11:05:40.796869+00:00
CAP-498E4FD1C421,Ndsp Admin Ok,true,false,true,true,true,true,false,false,5,7,SERVICE|UI,PARTIALLY_EVIDENCED,P0_CRITICAL,UI_PARTIAL,REAL_SNAPSHOT,2026-08-01T11:05:40.796869+00:00
CAP-40BEBA7E4C4F,Ndsp Admin User Ops,true,true,false,true,false,true,false,false,4,7,ENDPOINT|CALCULATION|UI,PARTIALLY_EVIDENCED,P0_CRITICAL,DISCOVERY_REQUIRED,REAL_SNAPSHOT,2026-08-01T11:05:40.796869+00:00
CAP-978D970F265C,Ndsp Alert Audit,true,true,false,true,true,true,false,false,5,7,ENDPOINT|UI,PARTIALLY_EVIDENCED,P0_CRITICAL,UI_PARTIAL,REAL_SNAPSHOT,2026-08-01T11:05:40.796869+00:00
CAP-F73757D671A4,Ndsp Auth Core Clean,true,true,false,true,false,true,false,false,4,7,ENDPOINT|CALCULATION|UI,PARTIALLY_EVIDENCED,P0_CRITICAL,DISCOVERY_REQUIRED,REAL_SNAPSHOT,2026-08-01T11:05:40.796869+00:00
CAP-7504DEC77825,Ndsp Bot Execution,true,true,false,true,false,true,false,false,4,7,ENDPOINT|CALCULATION|UI,PARTIALLY_EVIDENCED,P0_CRITICAL,DISCOVERY_REQUIRED,REAL_SNAPSHOT,2026-08-01T11:05:40.796869+00:00
CAP-EBD64BBF9712,Ndsp Build Otp Auth Uri,true,false,true,true,true,true,false,false,5,7,SERVICE|UI,PARTIALLY_EVIDENCED,P0_CRITICAL,UI_PARTIAL,REAL_SNAPSHOT,2026-08-01T11:05:40.796869+00:00
CAP-98594541698F,Ndsp Business Ops,true,true,false,true,false,true,false,false,4,7,ENDPOINT|CALCULATION|UI,PARTIALLY_EVIDENCED,P0_CRITICAL,DISCOVERY_REQUIRED,REAL_SNAPSHOT,2026-08-01T11:05:40.796869+00:00
CAP-C2F2BCB1164C,Ndsp Canonical Live Runtime V30,true,true,false,true,false,true,false,false,4,7,ENDPOINT|CALCULATION|UI,PARTIALLY_EVIDENCED,P0_CRITICAL,DISCOVERY_REQUIRED,REAL_SNAPSHOT,2026-08-01T11:05:40.796869+00:00
CAP-21ECD3B6E0D3,Ndsp Canonical Live Runtime V33,true,true,false,true,false,true,false,false,4,7,ENDPOINT|CALCULATION|UI,PARTIALLY_EVIDENCED,P0_CRITICAL,DISCOVERY_REQUIRED,REAL_SNAPSHOT,2026-08-01T11:05:40.796869+00:00
CAP-102062CC9F49,Ndsp Change Password Gateway,true,true,false,true,false,true,false,false,4,7,ENDPOINT|CALCULATION|UI,PARTIALLY_EVIDENCED,P0_CRITICAL,DISCOVERY_REQUIRED,REAL_SNAPSHOT,2026-08-01T11:05:40.796869+00:00
CAP-97112AE5ED8B,Ndsp Commercial Auth Payment Staging,true,true,false,true,false,true,false,false,4,7,ENDPOINT|CALCULATION|UI,PARTIALLY_EVIDENCED,P0_CRITICAL,DISCOVERY_REQUIRED,REAL_SNAPSHOT,2026-08-01T11:05:40.796869+00:00
CAP-A49CDCFF7C02,Ndsp Completed Decision,true,true,false,true,false,true,false,false,4,7,ENDPOINT|CALCULATION|UI,PARTIALLY_EVIDENCED,P0_CRITICAL,DISCOVERY_REQUIRED,REAL_SNAPSHOT,2026-08-01T11:05:40.796869+00:00
CAP-50438E70B54F,Ndsp Completed Decisions Evidence V35,true,true,false,true,false,true,false,false,4,7,ENDPOINT|CALCULATION|UI,PARTIALLY_EVIDENCED,P0_CRITICAL,DISCOVERY_REQUIRED,REAL_SNAPSHOT,2026-08-01T11:05:40.796869+00:00
CAP-559BFA960608,Ndsp Completed Decisions History V36,true,true,false,true,false,true,false,false,4,7,ENDPOINT|CALCULATION|UI,PARTIALLY_EVIDENCED,P0_CRITICAL,DISCOVERY_REQUIRED,REAL_SNAPSHOT,2026-08-01T11:05:40.796869+00:00
CAP-A231C4D75E0C,Ndsp Create Otp Auth Url,true,false,true,true,true,true,false,false,5,7,SERVICE|UI,PARTIALLY_EVIDENCED,P0_CRITICAL,UI_PARTIAL,REAL_SNAPSHOT,2026-08-01T11:05:40.796869+00:00
CAP-4F0B75AAC48C,Ndsp Ctl 001 Workspace Identity,true,true,false,true,false,true,false,false,4,7,ENDPOINT|CALCULATION|UI,PARTIALLY_EVIDENCED,P0_CRITICAL,DISCOVERY_REQUIRED,REAL_SNAPSHOT,2026-08-01T11:05:40.796869+00:00
CAP-8F2A33B96CD7,Ndsp Current User Display,true,true,false,true,false,true,false,false,4,7,ENDPOINT|CALCULATION|UI,PARTIALLY_EVIDENCED,P0_CRITICAL,DISCOVERY_REQUIRED,REAL_SNAPSHOT,2026-08-01T11:05:40.796869+00:00
CAP-DD2EA6FDA5D8,Ndsp Decision Governance Core,true,true,false,true,false,true,false,false,4,7,ENDPOINT|CALCULATION|UI,PARTIALLY_EVIDENCED,P0_CRITICAL,DISCOVERY_REQUIRED,REAL_SNAPSHOT,2026-08-01T11:05:40.796869+00:00
CAP-E3FE8FA9E536,Ndsp Decision Package V1,true,true,false,true,false,true,false,false,4,7,ENDPOINT|CALCULATION|UI,PARTIALLY_EVIDENCED,P0_CRITICAL,DISCOVERY_REQUIRED,REAL_SNAPSHOT,2026-08-01T11:05:40.796869+00:00
CAP-6D3062BEB048,Ndsp Live Market Adapter,true,true,false,true,true,true,false,false,5,7,ENDPOINT|UI,PARTIALLY_EVIDENCED,P0_CRITICAL,UI_PARTIAL,REAL_LIVE,2026-08-01T11:05:40.796869+00:00
CAP-2CD14474428C,Ndsp Market Data Bridge V2,true,true,false,true,false,true,false,false,4,7,ENDPOINT|CALCULATION|UI,PARTIALLY_EVIDENCED,P0_CRITICAL,DISCOVERY_REQUIRED,REAL_SNAPSHOT,2026-08-01T11:05:40.796869+00:00
CAP-423A14E667A6,Ndsp News Ticker,true,true,false,true,false,true,false,false,4,7,ENDPOINT|CALCULATION|UI,PARTIALLY_EVIDENCED,P0_CRITICAL,DISCOVERY_REQUIRED,REAL_SNAPSHOT,2026-08-01T11:05:40.796869+00:00
CAP-856006E91456,Ndsp Platform Gateway 9002,true,true,false,true,false,true,false,false,4,7,ENDPOINT|CALCULATION|UI,PARTIALLY_EVIDENCED,P0_CRITICAL,DISCOVERY_REQUIRED,REAL_SNAPSHOT,2026-08-01T11:05:40.796869+00:00
CAP-0066A47FF328,Ndsp Public Decision Quality,true,false,true,true,false,true,false,false,4,7,SERVICE|CALCULATION|UI,PARTIALLY_EVIDENCED,P0_CRITICAL,SOURCE_IDENTIFIED,REAL_SNAPSHOT,2026-08-01T11:05:40.796869+00:00
CAP-02AC4C12E6F4,Ndsp Public Summary V548,true,true,false,true,false,true,false,false,4,7,ENDPOINT|CALCULATION|UI,PARTIALLY_EVIDENCED,P0_CRITICAL,DISCOVERY_REQUIRED,REAL_SNAPSHOT,2026-08-01T11:05:40.796869+00:00
CAP-D38B6F09E3C9,Ndsp Quality Live Nmp Wrapper,true,true,false,true,false,true,false,false,4,7,ENDPOINT|CALCULATION|UI,PARTIALLY_EVIDENCED,P0_CRITICAL,DISCOVERY_REQUIRED,REAL_SNAPSHOT,2026-08-01T11:05:40.796869+00:00
CAP-75332A37EEA5,Ndsp Read Admin Action Key,true,false,true,true,true,true,false,false,5,7,SERVICE|UI,PARTIALLY_EVIDENCED,P0_CRITICAL,UI_PARTIAL,REAL_SNAPSHOT,2026-08-01T11:05:40.796869+00:00
CAP-6C85E57F2482,Ndsp Registration Consent V42,true,true,false,true,false,true,false,false,4,7,ENDPOINT|CALCULATION|UI,PARTIALLY_EVIDENCED,P0_CRITICAL,DISCOVERY_REQUIRED,REAL_SNAPSHOT,2026-08-01T11:05:40.796869+00:00
CAP-F7E8B7536496,Ndsp Restore Governance Keys,true,false,false,true,true,true,false,false,4,7,SERVICE|ENDPOINT|UI,PARTIALLY_EVIDENCED,P0_CRITICAL,UI_PARTIAL,REAL_SNAPSHOT,2026-08-01T11:05:40.796869+00:00
CAP-95CC41040BDF,Ndsp Restore Mandatory Governance,true,false,false,true,true,true,false,false,4,7,SERVICE|ENDPOINT|UI,PARTIALLY_EVIDENCED,P0_CRITICAL,UI_PARTIAL,REAL_SNAPSHOT,2026-08-01T11:05:40.796869+00:00
CAP-48E363203012,Ndsp Tf Quality,true,true,true,true,true,true,false,false,6,7,UI,PARTIALLY_EVIDENCED,P3_UI,SERVICE_CONNECTED,REAL_SNAPSHOT,2026-07-31T22:08:07Z
CAP-8F62216C7937,Ndsp Ui Bridge Api,true,true,false,true,false,true,false,false,4,7,ENDPOINT|CALCULATION|UI,PARTIALLY_EVIDENCED,P0_CRITICAL,DISCOVERY_REQUIRED,REAL_SNAPSHOT,2026-08-01T11:05:40.796869+00:00
CAP-C887E550660D,Ndsp V1 Public Data Quality,true,true,true,true,true,true,false,false,6,7,UI,PARTIALLY_EVIDENCED,P3_UI,SERVICE_CONNECTED,REAL_SNAPSHOT,2026-07-31T22:08:07Z
CAP-B519831DD104,Ndsp V201 Report Age Days,true,true,true,true,true,true,false,false,6,7,UI,PARTIALLY_EVIDENCED,P3_UI,UI_PARTIAL,REAL_SNAPSHOT,2026-07-31T22:08:07Z
CAP-FA2F2A8AA5C9,Ndsp V3 Portal Gateway,true,true,false,true,false,true,false,false,4,7,ENDPOINT|CALCULATION|UI,PARTIALLY_EVIDENCED,P0_CRITICAL,DISCOVERY_REQUIRED,REAL_SNAPSHOT,2026-08-01T11:05:40.796869+00:00
CAP-C2C16369E0B6,Ndsp V52 Contract,true,true,false,true,false,true,false,false,4,7,ENDPOINT|CALCULATION|UI,PARTIALLY_EVIDENCED,P0_CRITICAL,DISCOVERY_REQUIRED,REAL_SNAPSHOT,2026-08-01T11:05:40.796869+00:00
CAP-0B34CF6B3DD7,Ndsp V53 Bridge,true,true,false,true,false,true,false,false,4,7,ENDPOINT|CALCULATION|UI,PARTIALLY_EVIDENCED,P0_CRITICAL,DISCOVERY_REQUIRED,REAL_SNAPSHOT,2026-08-01T11:05:40.796869+00:00
CAP-E62FA2E1D004,Ndspdecision Governance Middleware,true,false,false,true,true,true,false,false,4,7,SERVICE|ENDPOINT|UI,PARTIALLY_EVIDENCED,P0_CRITICAL,UI_PARTIAL,REAL_SNAPSHOT,2026-08-01T11:05:40.796869+00:00
CAP-55B47C91DF6D,Ndsptrial Activation Guard Middleware,true,false,false,true,true,true,false,false,4,7,SERVICE|ENDPOINT|UI,PARTIALLY_EVIDENCED,P0_CRITICAL,UI_PARTIAL,REAL_SNAPSHOT,2026-08-01T11:05:40.796869+00:00
CAP-EF54BFEEB974,Nmp Lab Engine,true,false,false,true,true,true,false,false,4,7,SERVICE|ENDPOINT|UI,PARTIALLY_EVIDENCED,P0_CRITICAL,SOURCE_IDENTIFIED,REAL_SNAPSHOT,2026-08-01T11:05:40.796869+00:00
CAP-EAF0F47E923D,Normalize Risk Without False Pause,true,true,false,true,false,true,false,false,4,7,ENDPOINT|CALCULATION|UI,PARTIALLY_EVIDENCED,P0_CRITICAL,SERVICE_CONNECTED,REAL_SNAPSHOT,2026-08-01T11:05:40.796869+00:00
CAP-54BED56B7320,Normalize User,true,true,false,true,true,true,false,false,5,7,ENDPOINT|UI,PARTIALLY_EVIDENCED,P0_CRITICAL,UI_PARTIAL,REAL_SNAPSHOT,2026-08-01T11:05:40.796869+00:00
CAP-1D6433FFEA50,Normalized Decision Plan,true,true,true,true,true,true,false,false,6,7,UI,PARTIALLY_EVIDENCED,P3_UI,UI_PARTIAL,REAL_SNAPSHOT,2026-07-31T22:08:07Z
CAP-423A0277D2B0,Parse Quality,true,true,false,true,true,true,false,false,5,7,ENDPOINT|UI,PARTIALLY_EVIDENCED,P0_CRITICAL,SERVICE_CONNECTED,REAL_SNAPSHOT,2026-08-01T11:05:40.796869+00:00
CAP-08E20E709D83,Path Needs Governance,true,false,false,true,true,true,false,false,4,7,SERVICE|ENDPOINT|UI,PARTIALLY_EVIDENCED,P0_CRITICAL,UI_PARTIAL,REAL_SNAPSHOT,2026-08-01T11:05:40.796869+00:00
CAP-B6D6412125A9,Pick Admin Key,true,false,true,true,true,true,false,false,5,7,SERVICE|UI,PARTIALLY_EVIDENCED,P0_CRITICAL,UI_PARTIAL,REAL_SNAPSHOT,2026-08-01T11:05:40.796869+00:00
CAP-E4F9CD5311CA,Pick Market Timestamp,true,false,false,true,true,true,true,false,5,7,SERVICE|ENDPOINT,PARTIALLY_EVIDENCED,P0_CRITICAL,UI_PARTIAL,REAL_LIVE,2026-08-01T11:05:40.796869+00:00
CAP-AC57AF196812,Public Decision Quality,true,false,true,true,false,true,false,false,4,7,SERVICE|CALCULATION|UI,PARTIALLY_EVIDENCED,P0_CRITICAL,SOURCE_IDENTIFIED,REAL_SNAPSHOT,2026-08-01T11:05:40.796869+00:00
CAP-72FE4FA915D8,Quality Grade,true,false,false,true,false,true,false,false,3,7,SERVICE|ENDPOINT|CALCULATION|UI,PARTIALLY_EVIDENCED,P0_CRITICAL,SOURCE_IDENTIFIED,REAL_SNAPSHOT,2026-08-01T11:05:40.796869+00:00
CAP-02136C1E6984,Quality Labels,true,true,true,true,true,true,false,false,6,7,UI,PARTIALLY_EVIDENCED,P3_UI,SERVICE_CONNECTED,REAL_SNAPSHOT,2026-07-31T22:08:07Z
CAP-4A426C29FEC9,Quality Live,true,true,true,true,true,true,false,false,6,7,UI,PARTIALLY_EVIDENCED,P3_UI,SERVICE_CONNECTED,REAL_SNAPSHOT,2026-07-31T22:08:07Z
CAP-08273C63D4D2,Quality Result,true,false,false,true,false,true,false,false,3,7,SERVICE|ENDPOINT|CALCULATION|UI,PARTIALLY_EVIDENCED,P0_CRITICAL,SOURCE_IDENTIFIED,REAL_SNAPSHOT,2026-08-01T11:05:40.796869+00:00
CAP-2550A9AE98FE,Render Trials,true,false,false,true,true,true,false,false,4,7,SERVICE|ENDPOINT|UI,PARTIALLY_EVIDENCED,P0_CRITICAL,UI_PARTIAL,REAL_LIVE,2026-08-01T11:05:40.796869+00:00
CAP-E5A863D04011,Report File Path,true,false,false,true,true,true,false,false,4,7,SERVICE|ENDPOINT|UI,PARTIALLY_EVIDENCED,P0_CRITICAL,UI_PARTIAL,REAL_LIVE,2026-08-01T11:05:40.796869+00:00
CAP-212E6DC3A3DB,Require Admin,true,false,true,true,true,true,false,false,5,7,SERVICE|UI,PARTIALLY_EVIDENCED,P0_CRITICAL,UI_PARTIAL,REAL_SNAPSHOT,2026-08-01T11:05:40.796869+00:00
CAP-24B10225D49C,Require Admin,true,false,true,true,true,true,false,false,5,7,SERVICE|UI,PARTIALLY_EVIDENCED,P0_CRITICAL,UI_PARTIAL,REAL_SNAPSHOT,2026-08-01T11:05:40.796869+00:00
CAP-43DC89894352,Require Admin,true,false,true,true,true,true,false,false,5,7,SERVICE|UI,PARTIALLY_EVIDENCED,P0_CRITICAL,UI_PARTIAL,REAL_SNAPSHOT,2026-08-01T11:05:40.796869+00:00
CAP-996E29239712,Require Admin,true,true,true,false,false,true,false,false,4,7,REAL_DATA|CALCULATION|UI,PARTIALLY_EVIDENCED,P1_HIGH,UI_PARTIAL,UNKNOWN,2026-07-31T22:08:07Z
CAP-5DA08FFCB1E8,Requires Decision Access,true,true,false,true,true,true,false,false,5,7,ENDPOINT|UI,PARTIALLY_EVIDENCED,P0_CRITICAL,UI_PARTIAL,REAL_SNAPSHOT,2026-08-01T11:05:40.796869+00:00
CAP-B9DDB970C292,Resolve Cot Asset Mapping,true,false,false,true,false,true,false,false,3,7,SERVICE|ENDPOINT|CALCULATION|UI,PARTIALLY_EVIDENCED,P0_CRITICAL,UI_PARTIAL,REAL_SNAPSHOT,2026-08-01T11:05:40.796869+00:00
CAP-2ED1FB8B8919,Restore Decision From Layers If False Neutral,true,true,false,true,false,true,false,false,4,7,ENDPOINT|CALCULATION|UI,PARTIALLY_EVIDENCED,P0_CRITICAL,SERVICE_CONNECTED,REAL_SNAPSHOT,2026-08-01T11:05:40.796869+00:00
CAP-119888657162,Row To Decision,true,false,true,true,true,true,false,false,5,7,SERVICE|UI,PARTIALLY_EVIDENCED,P0_CRITICAL,UI_PARTIAL,REAL_SNAPSHOT,2026-08-01T11:05:40.796869+00:00
CAP-7DC9056619BD,Safe Session User,true,true,true,true,true,true,false,false,6,7,UI,PARTIALLY_EVIDENCED,P3_UI,UI_PARTIAL,REAL_SNAPSHOT,2026-07-31T22:08:07Z
CAP-20C44DAA9628,Save Governance Mode,true,true,false,true,true,true,false,false,5,7,ENDPOINT|UI,PARTIALLY_EVIDENCED,P0_CRITICAL,SERVICE_CONNECTED,REAL_SNAPSHOT,2026-08-01T11:05:40.796869+00:00
CAP-7790D40220E7,Scenario Service,true,false,false,true,false,true,true,false,4,7,SERVICE|ENDPOINT|CALCULATION,PARTIALLY_EVIDENCED,P0_CRITICAL,UI_PARTIAL,REAL_SNAPSHOT,2026-08-01T11:05:40.796869+00:00
CAP-DA166447891B,Status From Score,true,false,false,true,true,true,false,false,4,7,SERVICE|ENDPOINT|UI,PARTIALLY_EVIDENCED,P0_CRITICAL,UI_PARTIAL,REAL_SNAPSHOT,2026-08-01T11:05:40.796869+00:00
CAP-FABD911344A4,Sync Admin Users Json Safe,true,true,false,true,true,true,false,false,5,7,ENDPOINT|UI,PARTIALLY_EVIDENCED,P0_CRITICAL,UI_PARTIAL,REAL_SNAPSHOT,2026-08-01T11:05:40.796869+00:00
CAP-5FE4CAD204BC,Tdl Lab Engine,true,false,false,true,true,true,false,false,4,7,SERVICE|ENDPOINT|UI,PARTIALLY_EVIDENCED,P0_CRITICAL,UI_PARTIAL,REAL_SNAPSHOT,2026-08-01T11:05:40.796869+00:00
CAP-D720DF9D097F,Test Clamps Score To 100,true,false,false,true,false,true,false,false,3,7,SERVICE|ENDPOINT|CALCULATION|UI,PARTIALLY_EVIDENCED,P0_CRITICAL,SOURCE_IDENTIFIED,REAL_SNAPSHOT,2026-08-01T11:05:40.796869+00:00
CAP-DB9A1015BFEC,Test Clamps Score To Zero,true,false,false,true,false,true,false,false,3,7,SERVICE|ENDPOINT|CALCULATION|UI,PARTIALLY_EVIDENCED,P0_CRITICAL,SOURCE_IDENTIFIED,REAL_SNAPSHOT,2026-08-01T11:05:40.796869+00:00
CAP-C30ED71E7598,Test Cot No Execution,true,false,false,true,false,true,false,false,3,7,SERVICE|ENDPOINT|CALCULATION|UI,PARTIALLY_EVIDENCED,P0_CRITICAL,UI_PARTIAL,REAL_SNAPSHOT,2026-08-01T11:05:40.796869+00:00
CAP-76B70495D201,Test Cot Spine,true,false,false,true,false,true,false,false,3,7,SERVICE|ENDPOINT|CALCULATION|UI,PARTIALLY_EVIDENCED,P0_CRITICAL,UI_PARTIAL,REAL_SNAPSHOT,2026-08-01T11:05:40.796869+00:00
CAP-1B6E6543D240,Test Cot V61 Storage,true,false,false,true,true,true,false,false,4,7,SERVICE|ENDPOINT|UI,PARTIALLY_EVIDENCED,P0_CRITICAL,UI_PARTIAL,REAL_SNAPSHOT,2026-08-01T11:05:40.796869+00:00
CAP-46029BDD33D3,Test Macro Negative Effect Reduces Score,true,false,false,true,false,true,false,false,3,7,SERVICE|ENDPOINT|CALCULATION|UI,PARTIALLY_EVIDENCED,P0_CRITICAL,SOURCE_IDENTIFIED,REAL_SNAPSHOT,2026-08-01T11:05:40.796869+00:00
CAP-7C8F6B1D672F,Test Macro Quality Stack Effect,true,false,false,true,false,true,false,false,3,7,SERVICE|ENDPOINT|CALCULATION|UI,PARTIALLY_EVIDENCED,P0_CRITICAL,SOURCE_IDENTIFIED,REAL_SNAPSHOT,2026-08-01T11:05:40.796869+00:00
CAP-46527B2F0652,Test Ndsp Fix Direct Trade Execution Key Tdl V2,true,false,false,true,true,true,false,false,4,7,SERVICE|ENDPOINT|UI,PARTIALLY_EVIDENCED,P0_CRITICAL,SOURCE_IDENTIFIED,REAL_SNAPSHOT,2026-08-01T11:05:40.796869+00:00
CAP-AA5A5B9114A2,Test Ndsp Python Decision Governance V1,true,false,false,true,true,true,false,false,4,7,SERVICE|ENDPOINT|UI,PARTIALLY_EVIDENCED,P0_CRITICAL,SOURCE_IDENTIFIED,REAL_SNAPSHOT,2026-08-01T11:05:40.796869+00:00
CAP-A88B21563C34,Test Ndsp Python Tdl V2 Decision Outputs,true,false,false,true,true,true,false,false,4,7,SERVICE|ENDPOINT|UI,PARTIALLY_EVIDENCED,P0_CRITICAL,SOURCE_IDENTIFIED,REAL_SNAPSHOT,2026-08-01T11:05:40.796869+00:00
CAP-8A41EB527D76,Test Quality Effect Values,true,false,false,true,false,true,false,false,3,7,SERVICE|ENDPOINT|CALCULATION|UI,PARTIALLY_EVIDENCED,P0_CRITICAL,SOURCE_IDENTIFIED,REAL_SNAPSHOT,2026-08-01T11:05:40.796869+00:00
CAP-2CCF288AB3A6,Test Snapshot Evaluates Through Existing Cot Engine,true,false,false,true,true,true,false,false,4,7,SERVICE|ENDPOINT|UI,PARTIALLY_EVIDENCED,P0_CRITICAL,UI_PARTIAL,REAL_SNAPSHOT,2026-08-01T11:05:40.796869+00:00
CAP-B13D2E033AA3,Use Market,true,false,false,true,true,true,true,false,5,7,SERVICE|ENDPOINT,PARTIALLY_EVIDENCED,P0_CRITICAL,UI_PARTIAL,REAL_LIVE,2026-08-01T11:05:40.796869+00:00
CAP-546A1A38604F,User By Id Or Email,true,true,false,true,true,true,false,false,5,7,ENDPOINT|UI,PARTIALLY_EVIDENCED,P0_CRITICAL,UI_PARTIAL,REAL_SNAPSHOT,2026-08-01T11:05:40.796869+00:00
CAP-834DF8F1DE14,User From Auth Me,true,true,false,true,true,true,false,false,5,7,ENDPOINT|UI,PARTIALLY_EVIDENCED,P0_CRITICAL,UI_PARTIAL,REAL_SNAPSHOT,2026-08-01T11:05:40.796869+00:00
CAP-EF7009376528,User From Jwt,true,true,false,true,true,true,false,false,5,7,ENDPOINT|UI,PARTIALLY_EVIDENCED,P0_CRITICAL,UI_PARTIAL,REAL_SNAPSHOT,2026-08-01T11:05:40.796869+00:00
CAP-61B414613C07,User From Sessions,true,true,false,true,true,true,false,false,5,7,ENDPOINT|UI,PARTIALLY_EVIDENCED,P0_CRITICAL,UI_PARTIAL,REAL_SNAPSHOT,2026-08-01T11:05:40.796869+00:00
CAP-794EA0FC771F,User Test,true,true,false,true,true,true,false,false,5,7,ENDPOINT|UI,PARTIALLY_EVIDENCED,P0_CRITICAL,UI_PARTIAL,REAL_SNAPSHOT,2026-08-01T11:05:40.796869+00:00
CAP-354A758262E8,V40 Shape Decision Payload,true,true,false,true,true,true,false,false,5,7,ENDPOINT|UI,PARTIALLY_EVIDENCED,P0_CRITICAL,UI_PARTIAL,REAL_SNAPSHOT,2026-08-01T11:05:40.796869+00:00
CAP-84FF68BA9542,V46 Internal Authorized,true,true,true,true,true,true,false,false,6,7,UI,PARTIALLY_EVIDENCED,P3_UI,UI_PARTIAL,REAL_SNAPSHOT,2026-07-31T22:08:07Z
CAP-62833B1E9F54,V461 Can Retry Market,true,true,false,true,true,true,false,false,5,7,ENDPOINT|UI,PARTIALLY_EVIDENCED,P0_CRITICAL,UI_PARTIAL,REAL_SNAPSHOT,2026-08-01T11:05:40.796869+00:00
CAP-85BB71BCB158,V461 Market Path,true,true,false,true,true,true,false,false,5,7,ENDPOINT|UI,PARTIALLY_EVIDENCED,P0_CRITICAL,UI_PARTIAL,REAL_SNAPSHOT,2026-08-01T11:05:40.796869+00:00
CAP-156AED7A28CE,V461 Retry Market,true,true,false,true,true,true,false,false,5,7,ENDPOINT|UI,PARTIALLY_EVIDENCED,P0_CRITICAL,UI_PARTIAL,REAL_SNAPSHOT,2026-08-01T11:05:40.796869+00:00
CAP-704639CE50C9,Validate Decision,true,false,true,true,true,true,false,false,5,7,SERVICE|UI,PARTIALLY_EVIDENCED,P0_CRITICAL,SOURCE_IDENTIFIED,REAL_LIVE,2026-08-01T11:05:40.796869+00:00
CAP-1818863D4B3D,Validate Market Response,true,false,false,true,true,true,false,false,4,7,SERVICE|ENDPOINT|UI,PARTIALLY_EVIDENCED,P0_CRITICAL,UI_PARTIAL,REAL_LIVE,2026-08-01T11:05:40.796869+00:00
CAP-2038C387452F,Write Report,true,false,false,true,true,true,false,false,4,7,SERVICE|ENDPOINT|UI,PARTIALLY_EVIDENCED,P0_CRITICAL,UI_PARTIAL,REAL_LIVE,2026-08-01T11:05:40.796869+00:00
CAP-B7B141CE6F45,Activate Subscription,true,false,true,true,true,true,false,false,5,7,SERVICE|UI,PARTIALLY_EVIDENCED,P0_CRITICAL,UI_PARTIAL,REAL_LIVE,2026-08-01T11:05:40.796869+00:00
CAP-E7E2EB1C570D,Activate User By Token,true,true,false,true,true,true,false,false,5,7,ENDPOINT|UI,PARTIALLY_EVIDENCED,P0_CRITICAL,UI_PARTIAL,REAL_SNAPSHOT,2026-08-01T11:05:40.796869+00:00
CAP-27F8705FBD92,Active Trial,true,false,false,true,false,true,false,false,3,7,SERVICE|ENDPOINT|CALCULATION|UI,PARTIALLY_EVIDENCED,P0_CRITICAL,UI_PARTIAL,REAL_SNAPSHOT,2026-08-01T11:05:40.796869+00:00
CAP-57FACA283877,Admin Mail To,true,true,false,true,true,true,false,false,5,7,ENDPOINT|UI,PARTIALLY_EVIDENCED,P0_CRITICAL,UI_PARTIAL,REAL_SNAPSHOT,2026-08-01T11:05:40.796869+00:00
CAP-B4428CF8E186,Attach Tdl Trade Horizon Addons,true,false,false,true,false,true,false,false,3,7,SERVICE|ENDPOINT|CALCULATION|UI,PARTIALLY_EVIDENCED,P0_CRITICAL,SOURCE_IDENTIFIED,REAL_SNAPSHOT,2026-08-01T11:05:40.796869+00:00
CAP-ACFDAF4DAD5E,Auth,true,true,true,true,true,true,false,true,6,7,UI,PARTIALLY_EVIDENCED,P3_UI,UI_PARTIAL,REAL_SNAPSHOT,2026-07-31T23:17:31Z
CAP-784548F2FDAD,Authorize,true,true,true,true,true,true,false,true,6,7,UI,PARTIALLY_EVIDENCED,P3_UI,UI_PARTIAL,REAL_SNAPSHOT,2026-07-31T23:17:31Z
CAP-DF54F83FC9EB,Authorize,true,true,true,true,true,true,false,true,6,7,UI,PARTIALLY_EVIDENCED,P3_UI,UI_PARTIAL,REAL_SNAPSHOT,2026-07-31T23:17:31Z
CAP-0C985C4FB835,Candidate Score,true,false,false,true,false,true,true,false,4,7,SERVICE|ENDPOINT|CALCULATION,PARTIALLY_EVIDENCED,P0_CRITICAL,UI_PARTIAL,REAL_SNAPSHOT,2026-08-01T11:05:40.796869+00:00
CAP-393D853966BA,Candidate Score,true,false,false,true,false,true,true,false,4,7,SERVICE|ENDPOINT|CALCULATION,PARTIALLY_EVIDENCED,P0_CRITICAL,UI_PARTIAL,REAL_SNAPSHOT,2026-08-01T11:05:40.796869+00:00
CAP-5930A90FD873,Canvas Signal,true,false,false,true,true,true,false,false,4,7,SERVICE|ENDPOINT|UI,PARTIALLY_EVIDENCED,P0_CRITICAL,UI_PARTIAL,REAL_LIVE,2026-08-01T11:05:40.796869+00:00
CAP-587C4D012ECD,Completed Decisions Panel V37,true,false,false,true,false,true,true,false,4,7,SERVICE|ENDPOINT|CALCULATION,PARTIALLY_EVIDENCED,P0_CRITICAL,UI_PARTIAL,REAL_SNAPSHOT,2026-08-01T11:05:40.796869+00:00
CAP-7221B578D5AA,Compute Tdl Trade Horizon Addons,true,false,false,true,false,true,false,false,3,7,SERVICE|ENDPOINT|CALCULATION|UI,PARTIALLY_EVIDENCED,P0_CRITICAL,SOURCE_IDENTIFIED,REAL_SNAPSHOT,2026-08-01T11:05:40.796869+00:00
CAP-59F16279C194,Conflict Engine,true,false,false,true,false,true,false,false,3,7,SERVICE|ENDPOINT|CALCULATION|UI,PARTIALLY_EVIDENCED,P0_CRITICAL,SOURCE_IDENTIFIED,REAL_SNAPSHOT,2026-08-01T11:05:40.796869+00:00
CAP-39A4FC2ADB6A,Context Engines,true,false,false,true,false,true,false,false,3,7,SERVICE|ENDPOINT|CALCULATION|UI,PARTIALLY_EVIDENCED,P0_CRITICAL,SOURCE_IDENTIFIED,REAL_SNAPSHOT,2026-08-01T11:05:40.796869+00:00
CAP-AEB35386E738,Cot Validity,true,false,false,true,false,true,false,false,3,7,SERVICE|ENDPOINT|CALCULATION|UI,PARTIALLY_EVIDENCED,P0_CRITICAL,UI_PARTIAL,REAL_SNAPSHOT,2026-08-01T11:05:40.796869+00:00
CAP-FC41FDD8C092,Create Trial Guard,true,false,false,true,false,true,false,false,3,7,SERVICE|ENDPOINT|CALCULATION|UI,PARTIALLY_EVIDENCED,P0_CRITICAL,UI_PARTIAL,REAL_SNAPSHOT,2026-08-01T11:05:40.796869+00:00
CAP-987DAC51EA7A,Current Authority Key,true,false,false,true,false,true,false,false,3,7,SERVICE|ENDPOINT|CALCULATION|UI,PARTIALLY_EVIDENCED,P0_CRITICAL,SOURCE_IDENTIFIED,REAL_SNAPSHOT,2026-08-01T11:05:40.796869+00:00
CAP-E0A94B5D377B,Decision Card V37,true,false,false,true,false,true,true,false,4,7,SERVICE|ENDPOINT|CALCULATION,PARTIALLY_EVIDENCED,P0_CRITICAL,UI_PARTIAL,REAL_SNAPSHOT,2026-08-01T11:05:40.796869+00:00
CAP-C1DB36617501,Decision Explanation Contract V129,true,false,false,true,false,true,true,false,4,7,SERVICE|ENDPOINT|CALCULATION,PARTIALLY_EVIDENCED,P0_CRITICAL,UI_PARTIAL,REAL_SNAPSHOT,2026-08-01T11:05:40.796869+00:00
CAP-FF04A3FFA67C,Decision From Entry,true,false,false,true,false,true,true,false,4,7,SERVICE|ENDPOINT|CALCULATION,PARTIALLY_EVIDENCED,P0_CRITICAL,UI_PARTIAL,REAL_SNAPSHOT,2026-08-01T11:05:40.796869+00:00
CAP-CEBA8D26224F,Decision Ledger,true,false,false,true,true,true,false,false,4,7,SERVICE|ENDPOINT|UI,PARTIALLY_EVIDENCED,P0_CRITICAL,SOURCE_IDENTIFIED,REAL_SNAPSHOT,2026-08-01T11:05:40.796869+00:00
CAP-12E31072A87A,Decision Page,true,false,false,true,false,true,true,false,4,7,SERVICE|ENDPOINT|CALCULATION,PARTIALLY_EVIDENCED,P0_CRITICAL,UI_PARTIAL,REAL_SNAPSHOT,2026-08-01T11:05:40.796869+00:00
CAP-2E1E7FA99FCC,Decision State,true,false,false,true,false,true,false,false,3,7,SERVICE|ENDPOINT|CALCULATION|UI,PARTIALLY_EVIDENCED,P0_CRITICAL,UI_PARTIAL,REAL_SNAPSHOT,2026-08-01T11:05:40.796869+00:00
CAP-984BE24F14FF,Decision Summary Cards,true,false,false,true,false,true,true,false,4,7,SERVICE|ENDPOINT|CALCULATION,PARTIALLY_EVIDENCED,P0_CRITICAL,UI_PARTIAL,REAL_SNAPSHOT,2026-08-01T11:05:40.796869+00:00
CAP-74B246794B32,Decision Summary Cards Legacy V125,true,false,false,true,false,true,true,false,4,7,SERVICE|ENDPOINT|CALCULATION,PARTIALLY_EVIDENCED,P0_CRITICAL,UI_PARTIAL,REAL_SNAPSHOT,2026-08-01T11:05:40.796869+00:00
CAP-FB4432B956FA,Decision Trace Attributes,true,false,false,true,false,true,false,false,3,7,SERVICE|ENDPOINT|CALCULATION|UI,PARTIALLY_EVIDENCED,P0_CRITICAL,SOURCE_IDENTIFIED,REAL_SNAPSHOT,2026-08-01T11:05:40.796869+00:00
CAP-790CBD0E1BCE,Delete User Dependencies,true,true,true,true,true,true,false,true,6,7,UI,PARTIALLY_EVIDENCED,P3_UI,UI_PARTIAL,REAL_SNAPSHOT,2026-07-31T23:17:31Z
CAP-24225EF8944D,Embedded Decision Layer Summary V134,true,false,false,true,false,true,true,false,4,7,SERVICE|ENDPOINT|CALCULATION,PARTIALLY_EVIDENCED,P0_CRITICAL,UI_PARTIAL,REAL_SNAPSHOT,2026-08-01T11:05:40.796869+00:00
CAP-B4893A636311,Entitlement Decision,true,false,false,true,false,true,false,false,3,7,SERVICE|ENDPOINT|CALCULATION|UI,PARTIALLY_EVIDENCED,P0_CRITICAL,UI_PARTIAL,REAL_SNAPSHOT,2026-08-01T11:05:40.796869+00:00
CAP-925576F38DE9,Entitlements,true,false,false,true,false,true,false,false,3,7,SERVICE|ENDPOINT|CALCULATION|UI,PARTIALLY_EVIDENCED,P0_CRITICAL,UI_PARTIAL,REAL_SNAPSHOT,2026-08-01T11:05:40.796869+00:00
CAP-B6E807178F84,Evaluate Completed Decision,true,false,false,true,false,true,false,false,3,7,SERVICE|ENDPOINT|CALCULATION|UI,PARTIALLY_EVIDENCED,P0_CRITICAL,SOURCE_IDENTIFIED,REAL_SNAPSHOT,2026-08-01T11:05:40.796869+00:00
CAP-4D6846492F26,Evaluate Cot Validity,true,false,false,true,false,true,false,false,3,7,SERVICE|ENDPOINT|CALCULATION|UI,PARTIALLY_EVIDENCED,P0_CRITICAL,UI_PARTIAL,REAL_SNAPSHOT,2026-08-01T11:05:40.796869+00:00
CAP-7E277EBB15C8,Evaluate Data Quality,true,false,false,true,false,true,false,false,3,7,SERVICE|ENDPOINT|CALCULATION|UI,PARTIALLY_EVIDENCED,P0_CRITICAL,SOURCE_IDENTIFIED,REAL_SNAPSHOT,2026-08-01T11:05:40.796869+00:00
CAP-0FFED1B1BA78,Evaluate Golden Signals,true,false,false,true,false,true,false,false,3,7,SERVICE|ENDPOINT|CALCULATION|UI,PARTIALLY_EVIDENCED,P0_CRITICAL,SOURCE_IDENTIFIED,REAL_SNAPSHOT,2026-08-01T11:05:40.796869+00:00
CAP-C807F0E54F0D,Expected Cot Cycle,true,false,false,true,false,true,false,false,3,7,SERVICE|ENDPOINT|CALCULATION|UI,PARTIALLY_EVIDENCED,P0_CRITICAL,UI_PARTIAL,REAL_SNAPSHOT,2026-08-01T11:05:40.796869+00:00
CAP-B605828A4A25,Explain Decision,true,false,false,true,false,true,false,false,3,7,SERVICE|ENDPOINT|CALCULATION|UI,PARTIALLY_EVIDENCED,P0_CRITICAL,UI_PARTIAL,REAL_SNAPSHOT,2026-08-01T11:05:40.796869+00:00
CAP-C8A9379D6290,Extract Decision,true,false,false,true,false,true,true,false,4,7,SERVICE|ENDPOINT|CALCULATION,PARTIALLY_EVIDENCED,P0_CRITICAL,UI_PARTIAL,REAL_SNAPSHOT,2026-08-01T11:05:40.796869+00:00
CAP-72FDDE4CBD63,Fetch Decision Bundle,true,false,false,true,false,true,true,false,4,7,SERVICE|ENDPOINT|CALCULATION,PARTIALLY_EVIDENCED,P0_CRITICAL,UI_PARTIAL,REAL_SNAPSHOT,2026-08-01T11:05:40.796869+00:00
CAP-7F5DA6A52F4D,Get Auth User,true,false,true,true,true,true,false,false,5,7,SERVICE|UI,PARTIALLY_EVIDENCED,P0_CRITICAL,UI_PARTIAL,REAL_LIVE,2026-08-01T11:05:40.796869+00:00
CAP-4705DD378719,Get Authority Signs,true,false,false,true,false,true,false,false,3,7,SERVICE|ENDPOINT|CALCULATION|UI,PARTIALLY_EVIDENCED,P0_CRITICAL,SOURCE_IDENTIFIED,REAL_SNAPSHOT,2026-08-01T11:05:40.796869+00:00
CAP-E22DBA05712A,Get User By Email,true,true,true,true,true,true,false,true,6,7,UI,PARTIALLY_EVIDENCED,P3_UI,UI_PARTIAL,REAL_SNAPSHOT,2026-07-31T23:17:31Z
CAP-7739F02602D8,Get User By Id,true,true,true,true,true,true,false,true,6,7,UI,PARTIALLY_EVIDENCED,P3_UI,UI_PARTIAL,REAL_SNAPSHOT,2026-07-31T23:17:31Z
CAP-AB3C235ED628,Get User Plan Column,true,false,true,true,true,true,false,false,5,7,SERVICE|UI,PARTIALLY_EVIDENCED,P0_CRITICAL,UI_PARTIAL,REAL_LIVE,2026-08-01T11:05:40.796869+00:00
CAP-AE455CB3C917,Get User Trial Record,true,false,false,true,false,true,false,false,3,7,SERVICE|ENDPOINT|CALCULATION|UI,PARTIALLY_EVIDENCED,P0_CRITICAL,UI_PARTIAL,REAL_SNAPSHOT,2026-08-01T11:05:40.796869+00:00
CAP-E2BE53CEC0F0,Insert User,true,true,false,true,true,true,false,false,5,7,ENDPOINT|UI,PARTIALLY_EVIDENCED,P0_CRITICAL,UI_PARTIAL,REAL_SNAPSHOT,2026-08-01T11:05:40.796869+00:00
CAP-23348CA30E36,Install Trial Info,true,false,true,true,true,true,false,false,5,7,SERVICE|UI,PARTIALLY_EVIDENCED,P0_CRITICAL,UI_PARTIAL,REAL_SNAPSHOT,2026-08-01T11:05:40.796869+00:00
CAP-8D32C8703DCE,Is Decision,true,false,false,true,true,true,true,false,5,7,SERVICE|ENDPOINT,PARTIALLY_EVIDENCED,P0_CRITICAL,UI_PARTIAL,REAL_LIVE,2026-08-01T11:05:40.796869+00:00
CAP-C231FDE8F33A,Is Decision Request,true,false,false,true,true,true,true,false,5,7,SERVICE|ENDPOINT,PARTIALLY_EVIDENCED,P0_CRITICAL,UI_PARTIAL,REAL_LIVE,2026-08-01T11:05:40.796869+00:00
CAP-8FF4FBA642FA,Is Trial Plan,true,false,false,true,false,true,false,false,3,7,SERVICE|ENDPOINT|CALCULATION|UI,PARTIALLY_EVIDENCED,P0_CRITICAL,UI_PARTIAL,REAL_SNAPSHOT,2026-08-01T11:05:40.796869+00:00
CAP-484CFADD9BEA,L03 Market Direction Context,true,false,false,true,false,true,false,false,3,7,SERVICE|ENDPOINT|CALCULATION|UI,PARTIALLY_EVIDENCED,P0_CRITICAL,SOURCE_IDENTIFIED,REAL_SNAPSHOT,2026-08-01T11:05:40.796869+00:00
CAP-A98D5DB42F71,L05 Divergence Engine,true,false,false,true,false,true,false,false,3,7,SERVICE|ENDPOINT|CALCULATION|UI,PARTIALLY_EVIDENCED,P0_CRITICAL,SOURCE_IDENTIFIED,REAL_SNAPSHOT,2026-08-01T11:05:40.796869+00:00
CAP-9194D34E554D,L09 Momentum Engine,true,false,false,true,false,true,false,false,3,7,SERVICE|ENDPOINT|CALCULATION|UI,PARTIALLY_EVIDENCED,P0_CRITICAL,SOURCE_IDENTIFIED,REAL_SNAPSHOT,2026-08-01T11:05:40.796869+00:00
CAP-E95E0383A2D2,L10 Liquidity Structure Confirmation,true,false,false,true,false,true,false,false,3,7,SERVICE|ENDPOINT|CALCULATION|UI,PARTIALLY_EVIDENCED,P0_CRITICAL,SOURCE_IDENTIFIED,REAL_SNAPSHOT,2026-08-01T11:05:40.796869+00:00
CAP-F8B1EB888DF2,L11 Usd Macro Filter,true,false,false,true,false,true,false,false,3,7,SERVICE|ENDPOINT|CALCULATION|UI,PARTIALLY_EVIDENCED,P0_CRITICAL,SOURCE_IDENTIFIED,REAL_SNAPSHOT,2026-08-01T11:05:40.796869+00:00
CAP-314BD6FF968F,L12 Risk Engine,true,false,false,true,false,true,false,false,3,7,SERVICE|ENDPOINT|CALCULATION|UI,PARTIALLY_EVIDENCED,P0_CRITICAL,SOURCE_IDENTIFIED,REAL_SNAPSHOT,2026-08-01T11:05:40.796869+00:00
CAP-DF40660C63CA,L13 Nawaf Golden Signal,true,false,false,true,false,true,false,false,3,7,SERVICE|ENDPOINT|CALCULATION|UI,PARTIALLY_EVIDENCED,P0_CRITICAL,SOURCE_IDENTIFIED,REAL_SNAPSHOT,2026-08-01T11:05:40.796869+00:00
CAP-D5D7C8174439,L14 Nawaf Enhanced Golden Signal,true,false,false,true,false,true,false,false,3,7,SERVICE|ENDPOINT|CALCULATION|UI,PARTIALLY_EVIDENCED,P0_CRITICAL,SOURCE_IDENTIFIED,REAL_SNAPSHOT,2026-08-01T11:05:40.796869+00:00
CAP-57F9FE89ED2E,L15 Devils Advocate,true,false,false,true,false,true,false,false,3,7,SERVICE|ENDPOINT|CALCULATION|UI,PARTIALLY_EVIDENCED,P0_CRITICAL,SOURCE_IDENTIFIED,REAL_SNAPSHOT,2026-08-01T11:05:40.796869+00:00
CAP-1E0E3F4C57D1,L16 Decision Readiness State Machine,true,false,false,true,false,true,false,false,3,7,SERVICE|ENDPOINT|CALCULATION|UI,PARTIALLY_EVIDENCED,P0_CRITICAL,SOURCE_IDENTIFIED,REAL_SNAPSHOT,2026-08-01T11:05:40.796869+00:00
CAP-9878B8F2D69B,Latest Cot Report,true,false,false,true,false,true,false,false,3,7,SERVICE|ENDPOINT|CALCULATION|UI,PARTIALLY_EVIDENCED,P0_CRITICAL,UI_PARTIAL,REAL_SNAPSHOT,2026-08-01T11:05:40.796869+00:00
CAP-A7ABC91DE76D,Layer Orchestrator V2,true,false,false,true,false,true,false,false,3,7,SERVICE|ENDPOINT|CALCULATION|UI,PARTIALLY_EVIDENCED,P0_CRITICAL,SOURCE_IDENTIFIED,REAL_SNAPSHOT,2026-08-01T11:05:40.796869+00:00
CAP-83469D7ECA81,Layer Score Candidate V127,true,false,false,true,false,true,true,false,4,7,SERVICE|ENDPOINT|CALCULATION,PARTIALLY_EVIDENCED,P0_CRITICAL,UI_PARTIAL,REAL_SNAPSHOT,2026-08-01T11:05:40.796869+00:00
CAP-A2F7A87C9336,Layer Score V125,true,false,false,true,false,true,true,false,4,7,SERVICE|ENDPOINT|CALCULATION,PARTIALLY_EVIDENCED,P0_CRITICAL,UI_PARTIAL,REAL_SNAPSHOT,2026-08-01T11:05:40.796869+00:00
CAP-1F54C2BF216C,Market For Symbol,true,false,false,true,false,true,true,false,4,7,SERVICE|ENDPOINT|CALCULATION,PARTIALLY_EVIDENCED,P0_CRITICAL,UI_PARTIAL,REAL_SNAPSHOT,2026-08-01T11:05:40.796869+00:00
CAP-11F0D3942A02,Market Record,true,false,false,true,false,true,true,false,4,7,SERVICE|ENDPOINT|CALCULATION,PARTIALLY_EVIDENCED,P0_CRITICAL,UI_PARTIAL,REAL_SNAPSHOT,2026-08-01T11:05:40.796869+00:00
CAP-42E4316C88FD,Markets Page,true,false,false,true,false,true,true,false,4,7,SERVICE|ENDPOINT|CALCULATION,PARTIALLY_EVIDENCED,P0_CRITICAL,UI_PARTIAL,REAL_SNAPSHOT,2026-08-01T11:05:40.796869+00:00
CAP-8005A5881BBA,Merge Trial,true,false,false,true,true,true,false,false,4,7,SERVICE|ENDPOINT|UI,PARTIALLY_EVIDENCED,P0_CRITICAL,UI_PARTIAL,REAL_SNAPSHOT,2026-08-01T11:05:40.796869+00:00
CAP-A8E73E0663EE,Merge Trial,true,false,false,true,true,true,false,false,4,7,SERVICE|ENDPOINT|UI,PARTIALLY_EVIDENCED,P0_CRITICAL,UI_PARTIAL,REAL_SNAPSHOT,2026-08-01T11:05:40.796869+00:00
CAP-9E4283D45312,Mode Label,true,false,false,true,false,true,true,false,4,7,SERVICE|ENDPOINT|CALCULATION,PARTIALLY_EVIDENCED,P0_CRITICAL,UI_PARTIAL,REAL_SNAPSHOT,2026-08-01T11:05:40.796869+00:00
CAP-4C410FBB8A1A,Ndsp Asset Market Universe,true,false,false,true,true,true,false,false,4,7,SERVICE|ENDPOINT|UI,PARTIALLY_EVIDENCED,P0_CRITICAL,UI_PARTIAL,REAL_SNAPSHOT,2026-08-01T11:05:40.796869+00:00
CAP-D89712BC5C12,Ndsp Governance 44 V26,true,false,false,true,true,true,true,false,5,7,SERVICE|ENDPOINT,PARTIALLY_EVIDENCED,P0_CRITICAL,UI_PARTIAL,REAL_LIVE,2026-08-01T11:05:40.796869+00:00
CAP-6C9E5493FEC3,Ndsp Live Trial Counters,true,false,false,true,true,true,true,false,5,7,SERVICE|ENDPOINT,PARTIALLY_EVIDENCED,P0_CRITICAL,UI_PARTIAL,REAL_LIVE,2026-08-01T11:05:40.796869+00:00
CAP-88BCB79F77AB,Ndsp Market Suite Nav,true,false,false,true,false,true,true,false,4,7,SERVICE|ENDPOINT|CALCULATION,PARTIALLY_EVIDENCED,P0_CRITICAL,UI_PARTIAL,REAL_SNAPSHOT,2026-08-01T11:05:40.796869+00:00
CAP-B64118FECEA6,Ndsp Ux User,true,false,true,true,true,true,false,false,5,7,SERVICE|UI,PARTIALLY_EVIDENCED,P0_CRITICAL,UI_PARTIAL,REAL_LIVE,2026-08-01T11:05:40.796869+00:00
CAP-879F3BBEFD90,Nmp Engine,true,false,false,true,false,true,false,false,3,7,SERVICE|ENDPOINT|CALCULATION|UI,PARTIALLY_EVIDENCED,P0_CRITICAL,SOURCE_IDENTIFIED,REAL_SNAPSHOT,2026-08-01T11:05:40.796869+00:00
CAP-4735D0FCEC20,Normalize Decision Url,true,false,false,true,true,true,true,false,5,7,SERVICE|ENDPOINT,PARTIALLY_EVIDENCED,P0_CRITICAL,UI_PARTIAL,REAL_LIVE,2026-08-01T11:05:40.796869+00:00
CAP-15DCBE989F60,Render Trials,true,false,false,true,true,true,true,false,5,7,SERVICE|ENDPOINT,PARTIALLY_EVIDENCED,P0_CRITICAL,UI_PARTIAL,REAL_LIVE,2026-08-01T11:05:40.796869+00:00
CAP-79FF6CD17DD6,Risk Page,true,false,false,true,false,true,true,false,4,7,SERVICE|ENDPOINT|CALCULATION,PARTIALLY_EVIDENCED,P0_CRITICAL,UI_PARTIAL,REAL_SNAPSHOT,2026-08-01T11:05:40.796869+00:00
CAP-98386BEB7419,Scenario,true,false,false,true,false,true,false,false,3,7,SERVICE|ENDPOINT|CALCULATION|UI,PARTIALLY_EVIDENCED,P0_CRITICAL,UI_PARTIAL,REAL_SNAPSHOT,2026-08-01T11:05:40.796869+00:00
CAP-6F9609BABB9D,Score,true,false,false,true,false,true,false,false,3,7,SERVICE|ENDPOINT|CALCULATION|UI,PARTIALLY_EVIDENCED,P0_CRITICAL,UI_PARTIAL,REAL_SNAPSHOT,2026-08-01T11:05:40.796869+00:00
CAP-92F6B796DD2F,Score Form,true,false,false,true,false,true,true,false,4,7,SERVICE|ENDPOINT|CALCULATION,PARTIALLY_EVIDENCED,P0_CRITICAL,UI_PARTIAL,REAL_SNAPSHOT,2026-08-01T11:05:40.796869+00:00
CAP-16BC3B472E5B,Sync Admin Users Json Safe,true,true,false,true,true,true,false,false,5,7,ENDPOINT|UI,PARTIALLY_EVIDENCED,P0_CRITICAL,UI_PARTIAL,REAL_SNAPSHOT,2026-08-01T11:05:40.796869+00:00
CAP-5CB861F0644F,Test Billing Never Changes Decision,true,false,false,true,true,true,false,false,4,7,SERVICE|ENDPOINT|UI,PARTIALLY_EVIDENCED,P0_CRITICAL,UI_PARTIAL,REAL_SNAPSHOT,2026-08-01T11:05:40.796869+00:00
CAP-943DEF53265C,Test Canonical Orchestrator Smoke,true,false,false,true,true,true,false,false,4,7,SERVICE|ENDPOINT|UI,PARTIALLY_EVIDENCED,P0_CRITICAL,SOURCE_IDENTIFIED,REAL_SNAPSHOT,2026-08-01T11:05:40.796869+00:00
CAP-D98F64969D0A,Test Contract Source And Quality Gate,true,false,false,true,true,true,false,false,4,7,SERVICE|ENDPOINT|UI,PARTIALLY_EVIDENCED,P0_CRITICAL,UI_PARTIAL,REAL_SNAPSHOT,2026-08-01T11:05:40.796869+00:00
CAP-D2456D13432E,Test Cot Gate,true,false,false,true,false,true,false,false,3,7,SERVICE|ENDPOINT|CALCULATION|UI,PARTIALLY_EVIDENCED,P0_CRITICAL,UI_PARTIAL,REAL_SNAPSHOT,2026-08-01T11:05:40.796869+00:00
CAP-50C15563709E,Test Gateway Has No Decision Logic,true,false,false,true,true,true,false,false,4,7,SERVICE|ENDPOINT|UI,PARTIALLY_EVIDENCED,P0_CRITICAL,UI_PARTIAL,REAL_SNAPSHOT,2026-08-01T11:05:40.796869+00:00
CAP-E8CD1B8A7BD1,Test Missing Report After Due Is Blocked,true,false,false,true,false,true,false,false,3,7,SERVICE|ENDPOINT|CALCULATION|UI,PARTIALLY_EVIDENCED,P0_CRITICAL,UI_PARTIAL,REAL_SNAPSHOT,2026-08-01T11:05:40.796869+00:00
CAP-BFA23B0D6145,Test Nmp Uses Open At Indicator Extreme,true,false,false,true,false,true,false,false,3,7,SERVICE|ENDPOINT|CALCULATION|UI,PARTIALLY_EVIDENCED,P0_CRITICAL,SOURCE_IDENTIFIED,REAL_SNAPSHOT,2026-08-01T11:05:40.796869+00:00
CAP-271C117DF5B2,Trial Payload,true,false,false,true,false,true,false,false,3,7,SERVICE|ENDPOINT|CALCULATION|UI,PARTIALLY_EVIDENCED,P0_CRITICAL,UI_PARTIAL,REAL_SNAPSHOT,2026-08-01T11:05:40.796869+00:00
CAP-89390299C6D5,Trial Payload,true,false,false,true,true,true,false,false,4,7,SERVICE|ENDPOINT|UI,PARTIALLY_EVIDENCED,P0_CRITICAL,UI_PARTIAL,REAL_SNAPSHOT,2026-08-01T11:05:40.796869+00:00
CAP-A9527D6180AE,Trial Payload,true,false,false,true,true,true,false,false,4,7,SERVICE|ENDPOINT|UI,PARTIALLY_EVIDENCED,P0_CRITICAL,UI_PARTIAL,REAL_SNAPSHOT,2026-08-01T11:05:40.796869+00:00
CAP-28D8F9FFF6BB,Use Canonical Decision,true,false,false,true,true,true,true,false,5,7,SERVICE|ENDPOINT,PARTIALLY_EVIDENCED,P0_CRITICAL,UI_PARTIAL,REAL_LIVE,2026-08-01T11:05:40.796869+00:00
CAP-3FE052703CF3,Use Completed Decisions V37,true,false,false,true,true,true,true,false,5,7,SERVICE|ENDPOINT,PARTIALLY_EVIDENCED,P0_CRITICAL,UI_PARTIAL,REAL_LIVE,2026-08-01T11:05:40.796869+00:00
CAP-40B67109053A,User Key,true,false,false,true,true,true,false,false,4,7,SERVICE|ENDPOINT|UI,PARTIALLY_EVIDENCED,P0_CRITICAL,UI_PARTIAL,REAL_SNAPSHOT,2026-08-01T11:05:40.796869+00:00
CAP-7926D048AA63,User Key,true,false,false,true,true,true,false,false,4,7,SERVICE|ENDPOINT|UI,PARTIALLY_EVIDENCED,P0_CRITICAL,UI_PARTIAL,REAL_SNAPSHOT,2026-08-01T11:05:40.796869+00:00
CAP-1C960FEE24EA,Version Registry,true,false,false,true,false,true,false,false,3,7,SERVICE|ENDPOINT|CALCULATION|UI,PARTIALLY_EVIDENCED,P0_CRITICAL,SOURCE_IDENTIFIED,REAL_SNAPSHOT,2026-08-01T11:05:40.796869+00:00
